id	email	operator	mcc	mnc	cid	lac	latitude	longitude	timestamp
13	user0	VODAFONEGR	202	05	25193	37	No Latitude	No longitude	2015-03-27 17:33:18
15	user1	GR COSMOTE	202	01	34413513	3037	37.96671	23.764959	2015-03-27 18:17:52
16	user1	GR COSMOTE	202	01	34413516	3037	No Latitude	No longitude	2015-03-27 18:23:38
19	user1	GR COSMOTE	202	01	34413517	3037	No Latitude	No longitude	2015-03-27 18:25:59
20	user1	GR COSMOTE	202	01	34413519	3037	No Latitude	No longitude	2015-03-27 18:27:59
21	user1	GR COSMOTE	202	01	34413513	38	No Latitude	No longitude	2015-03-27 18:46:18
22	user1	GR COSMOTE	202	01	34413511	3037	No Latitude	No longitude	2015-03-27 18:46:40
25	user0	VODAFONEGR	202	05	25192	37	No Latitude	No longitude	2015-03-27 19:26:47
27	user1	GR COSMOTE	202	01	34479277	3050	38.018333	23.754397	2015-03-27 19:54:03
28	user1	GR COSMOTE	202	01	34473828	3050	No Latitude	No longitude	2015-03-27 19:55:23
29	user1	GR COSMOTE	202	01	34531849	3050	38.01197	23.756563	2015-03-27 19:56:24
30	user5	GR COSMOTE	202	01	34597203	3035	No Latitude	No longitude	2015-03-27 20:33:20
31	user6	vodafone GR	202	05	4352739	6018	No Latitude	No longitude	2015-03-27 20:37:28
32	user6	vodafone GR	202	05	4351279	6018	No Latitude	No longitude	2015-03-27 20:40:49
33	user1	GR COSMOTE	202	01	34537905	3035	38.040338	23.675074	2015-03-27 20:42:36
34	user1	GR COSMOTE	202	01	34539638	3035	No Latitude	No longitude	2015-03-27 20:43:17
35	user1	GR COSMOTE	202	01	-1	2035	No Latitude	No longitude	2015-03-27 20:43:39
36	user1	GR COSMOTE	202	01	439	2035	No Latitude	No longitude	2015-03-27 20:43:56
37	user1	GR COSMOTE	202	01	34539635	3035	38.035255	23.701478	2015-03-27 20:44:16
38	user6	vodafone GR	202	05	4352743	6018	No Latitude	No longitude	2015-03-27 20:44:35
40	user6	vodafone GR	202	05	27363	80	No Latitude	No longitude	2015-03-27 20:58:49
41	user6	vodafone GR	202	05	42751	80	No Latitude	No longitude	2015-03-27 21:02:52
42	user6	vodafone GR	202	05	4351283	6018	No Latitude	No longitude	2015-03-27 21:33:52
44	user6	vodafone GR	202	05	2713992	6022	No Latitude	No longitude	2015-03-28 01:11:52
45	user6	vodafone GR	202	05	2713988	6022	37.999924	23.745579	2015-03-28 01:14:31
48	user10	Vodafone GR	202	05	33539	4010	No Latitude	No longitude	2015-03-28 13:06:38
49	user10	Vodafone GR	202	05	2050577	6010	No Latitude	No longitude	2015-03-28 13:54:34
50	user10	Vodafone GR	202	05	2036749	6010	No Latitude	No longitude	2015-03-28 13:54:51
51	user11	GR COSMOTE	202	01	34472587	3050	38.020934	23.753633	2015-03-28 14:16:07
52	user12	GR COSMOTE	202	01	34935759	3044	No Latitude	No longitude	2015-03-28 14:30:56
53	user1	COSMOT	202	01	34539624	3031	No Latitude	No longitude	2015-03-28 15:05:15
54	user10	Vodafone GR	202	05	57859	4010	No Latitude	No longitude	2015-03-28 15:06:55
56	user1	COSMOT	202	01	34597123	3031	No Latitude	No longitude	2015-03-28 16:24:18
58	user1	COSMOT	202	01	34539630	3031	No Latitude	No longitude	2015-03-28 18:14:50
67	user13	GR COSMOTE	202	01	34471978	3050	No Latitude	No longitude	2015-03-29 00:14:41
68	user13	GR COSMOTE	202	01	34527010	3050	38.014449	23.7464	2015-03-29 00:15:24
73	user15	GR COSMOTE	202	01	34465892	3037	No Latitude	No longitude	2015-03-30 05:56:08
77	user1	COSMOT	202	01	34413514	3037	No Latitude	No longitude	2015-03-30 12:12:57
78	user16	GR COSMOTE	202	01	33791131	1902	No Latitude	No longitude	2015-03-30 12:50:55
81	user16	GR COSMOTE	202	01	40087	131	No Latitude	No longitude	2015-03-30 14:46:59
84	user1	COSMOT	202	01	7113	38	No Latitude	No longitude	2015-03-30 15:32:32
85	user1	COSMOT	202	01	7119	38	37.973158	23.759719	2015-03-30 15:32:49
86	user1	COSMOT	202	01	7117	38	No Latitude	No longitude	2015-03-30 15:34:36
89	user1	COSMOT	202	01	34970064	3044	No Latitude	No longitude	2015-03-30 17:34:12
90	user1	COSMOT	202	01	34434573	3037	37.956674	23.73191	2015-03-30 17:36:54
91	user1	COSMOT	202	01	34434576	3037	37.961109	23.730063	2015-03-30 17:37:04
92	user1	COSMOT	202	01	34407238	3037	No Latitude	No longitude	2015-03-30 17:38:21
93	user1	COSMOT	202	01	34407235	3037	No Latitude	No longitude	2015-03-30 17:38:31
94	user1	COSMOT	202	01	34435086	3037	No Latitude	No longitude	2015-03-30 17:39:44
95	user1	COSMOT	202	01	34435083	3037	No Latitude	No longitude	2015-03-30 17:40:31
96	user1	COSMOT	202	01	34415185	3037	No Latitude	No longitude	2015-03-30 17:41:29
97	user1	COSMOT	202	01	34415182	3037	No Latitude	No longitude	2015-03-30 17:42:09
98	user1	COSMOT	202	01	34407163	3037	No Latitude	No longitude	2015-03-30 17:43:33
99	user1	COSMOT	202	01	34407166	3037	No Latitude	No longitude	2015-03-30 17:44:12
100	user1	COSMOT	202	01	34415172	3037	No Latitude	No longitude	2015-03-30 17:44:52
101	user1	COSMOT	202	01	34415175	3037	No Latitude	No longitude	2015-03-30 17:46:36
102	user1	COSMOT	202	01	34500587	3050	37.985681	23.718953	2015-03-30 17:46:54
103	user1	COSMOT	202	01	34476537	3050	No Latitude	No longitude	2015-03-30 17:47:44
104	user1	COSMOT	202	01	34476540	3050	No Latitude	No longitude	2015-03-30 17:48:14
105	user1	COSMOT	202	01	34543403	3031	No Latitude	No longitude	2015-03-30 17:54:44
106	user1	COSMOT	202	01	34543406	3031	No Latitude	No longitude	2015-03-30 17:55:30
107	user1	COSMOT	202	01	34557726	3031	38.006545	23.697716	2015-03-30 17:56:24
108	user1	COSMOT	202	01	34557723	3031	38.005423	23.69868	2015-03-30 17:59:10
109	user1	COSMOT	202	01	34542875	3031	38.003029	23.693042	2015-03-30 18:03:04
110	user1	COSMOT	202	01	34561006	3031	No Latitude	No longitude	2015-03-30 18:03:27
111	user1	COSMOT	202	01	34566385	3031	No Latitude	No longitude	2015-03-30 18:05:59
112	user1	COSMOT	202	01	34543399	3031	No Latitude	No longitude	2015-03-30 18:06:45
113	user1	COSMOT	202	01	34566388	3031	No Latitude	No longitude	2015-03-30 18:08:25
114	user1	COSMOT	202	01	34539627	3031	No Latitude	No longitude	2015-03-30 18:09:05
116	user17	GR COSMOTE	202	01	33685815	1005	37.954588	23.630772	2015-03-30 21:07:58
117	user10	Vodafone GR	202	05	94979	4010	No Latitude	No longitude	2015-03-30 22:21:01
118	user10	VODAFONE GR	202	05	5673	37	No Latitude	No longitude	2015-03-30 23:10:38
119	user10	VODAFONE GR	202	05	43441	37	No Latitude	No longitude	2015-03-30 23:13:03
122	user18	CU-X	202	05	3353947	6014	No latitude yet	No longitude yet	2015-03-31 11:18:07
129	user18	CU-X	202	05	2751709	6022	37.968903	23.732337	2015-03-31 12:05:28
133	user21	GR COSMOTE	202	01	182019	4037	No Latitude	No longitude	2015-03-31 12:43:48
134	user22	GR COSMOTE	202	01	182019	4037	No Latitude	No longitude	2015-03-31 12:43:56
135	user23	GR COSMOTE	202	01	34803308	3039	No Latitude	No longitude	2015-03-31 13:02:07
136	user23	GR COSMOTE	202	01	34828587	3039	37.948635	23.689065	2015-03-31 13:02:25
137	user23	GR COSMOTE	202	01	34827919	3039	No Latitude	No longitude	2015-03-31 13:02:45
138	user23	GR COSMOTE	202	01	34826668	3039	No Latitude	No longitude	2015-03-31 13:03:48
139	user24	GR COSMOTE	202	01	34433471	3037	37.966672	23.764936	2015-03-31 13:04:22
140	user1	COSMOT	202	01	2153	2031	38.009106	23.684969	2015-03-31 13:05:56
142	user1	COSMOT	202	01	5927	2031	No Latitude	No longitude	2015-03-31 13:08:30
143	user22	GR COSMOTE	202	01	7113	38	No Latitude	No longitude	2015-03-31 13:08:37
144	user22	GR COSMOTE	202	01	7111	38	No Latitude	No longitude	2015-03-31 13:17:05
145	user22	GR COSMOTE	202	01	7117	38	No Latitude	No longitude	2015-03-31 13:22:26
146	user1	COSMOT	202	01	34564675	3031	No Latitude	No longitude	2015-03-31 13:28:03
147	user12	GR COSMOTE	202	01	34409958	3037	No Latitude	No longitude	2015-03-31 13:47:44
148	user25	GR COSMOTE	202	01	34216244	3003	No Latitude	No longitude	2015-03-31 14:08:41
149	user25	GR COSMOTE	202	01	34210426	3003	No Latitude	No longitude	2015-03-31 14:37:09
150	user26	GR COSMOTE	202	01	32795581	1001	No Latitude	No longitude	2015-03-31 14:44:53
151	user27	GR COSMOTE	202	01	34430161	3037	No Latitude	No longitude	2015-03-31 15:18:39
152	user22	GR Comsote	202	01	7119	38	No latitude yet	No longitude yet	2015-03-31 13:07:57
153	user27	GR COSMOTE	202	01	34430163	3037	No Latitude	No longitude	2015-03-31 15:21:22
155	user23	GR COSMOTE	202	01	34799958	3039	No Latitude	No longitude	2015-03-31 15:28:19
156	user23	GR COSMOTE	202	01	34826178	3039	No Latitude	No longitude	2015-03-31 15:30:07
157	user23	GR COSMOTE	202	01	34826180	3039	No Latitude	No longitude	2015-03-31 15:30:52
158	user23	GR COSMOTE	202	01	34826177	3039	No Latitude	No longitude	2015-03-31 15:31:27
160	user21	GR COSMOTE	202	01	34434262	3037	37.975063	23.775105	2015-03-31 15:49:42
162	user29	COSMOTE	202	01	34934181	3044	No Latitude	No longitude	2015-03-31 15:57:42
164	user25	GR COSMOTE	202	01	631	33	No Latitude	No longitude	2015-03-31 16:03:45
165	user25	GR COSMOTE	202	01	637	33	No Latitude	No longitude	2015-03-31 16:05:07
166	user30	GR COSMOTE	202	01	18433	4050	No Latitude	No longitude	2015-03-31 16:31:21
167	user31	VODAFONE GR	202	05	7792	80	No Latitude	No longitude	2015-03-31 16:40:24
168	user31	VODAFONE GR	202	05	7791	80	38.003002	23.684188	2015-03-31 16:41:45
169	user16	GR COSMOTE	202	01	33796211	1902	No Latitude	No longitude	2015-03-31 17:11:40
170	user16	GR COSMOTE	202	01	33791156	1902	No Latitude	No longitude	2015-03-31 17:12:01
171	user16	GR COSMOTE	202	01	33791153	1902	No Latitude	No longitude	2015-03-31 17:12:38
172	user16	GR COSMOTE	202	01	33791151	1902	No Latitude	No longitude	2015-03-31 17:12:59
173	user25	GR COSMOTE	202	01	6452	33	38.002364	23.868709	2015-03-31 17:15:52
174	user32	GR COSMOTE	202	01	34434262	3037	37.975063	23.775105	2015-03-31 17:24:11
175	user16	GR COSMOTE	202	01	33799822	1902	No Latitude	No longitude	2015-03-31 17:24:26
176	user16	GR COSMOTE	202	01	33791157	1902	No Latitude	No longitude	2015-03-31 17:31:18
177	user16	GR COSMOTE	202	01	33791124	131	No Latitude	No longitude	2015-03-31 18:27:45
178	user16	GR COSMOTE	202	01	40091	131	No Latitude	No longitude	2015-03-31 18:34:52
179	user31	VODAFONE GR	202	05	7795	80	No Latitude	No longitude	2015-03-31 18:42:30
180	user24	VODAFONE gr	202	01	34413513	3037	37.96671	23.764959	2015-03-31 19:01:18
182	user33	GR COSMOTE	202	01	34413513	3037	37.96671	23.764959	2015-03-31 19:45:24
184	user13	GR COSMOTE	202	01	34527007	3050	38.015056	23.739711	2015-03-31 20:42:30
185	user31	VODAFONE GR	202	05	4333167	6018	38.005076	23.678531	2015-03-31 21:03:03
186	user31	VODAFONE GR	202	05	7791	6018	No Latitude	No longitude	2015-03-31 21:54:12
188	user35	COSMOTE	202	01	34275799	3009	No Latitude	No longitude	2015-03-31 23:31:30
191	user34	COSMOTE	202	01	34275799	3009	No Latitude	No longitude	2015-04-01 01:15:01
196	user31	VODAFONE GR	202	05	47066	80	No Latitude	No longitude	2015-04-01 03:42:50
198	user23	GR COSMOTE	202	01	34235144	3003	38.02231	23.832957	2015-04-01 07:57:28
199	user23	GR COSMOTE	202	01	34235145	3003	No Latitude	No longitude	2015-04-01 07:58:51
200	user23	GR COSMOTE	202	01	34235151	3003	No Latitude	No longitude	2015-04-01 07:59:19
201	user23	GR COSMOTE	202	01	34235148	3003	No Latitude	No longitude	2015-04-01 08:00:15
202	user23	GR COSMOTE	202	01	34235150	3003	38.023068	23.831944	2015-04-01 08:01:55
203	user23	GR COSMOTE	202	01	34413516	3037	No Latitude	No longitude	2015-04-01 09:08:10
204	user36	vodafone GR	202	05	2305	4016	No Latitude	No longitude	2015-04-01 09:37:32
205	user36	vodafone GR	202	05	3440307	6016	No Latitude	No longitude	2015-04-01 10:10:35
206	user23	GR COSMOTE	202	01	34413513	3037	37.96671	23.764959	2015-04-01 10:32:09
207	user36	vodafone GR	202	05	137477	4016	No Latitude	No longitude	2015-04-01 11:34:40
208	user36	vodafone GR	202	05	137473	4016	No Latitude	No longitude	2015-04-01 11:35:00
209	user37	GR COSMOTE	202	01	131587	4037	No Latitude	No longitude	2015-04-01 12:32:06
210	user38	GR COSMOTE	202	01	34537525	3031	No Latitude	No longitude	2015-04-01 12:52:55
212	user0	VODAFONEGR	202	05	11611	74	No Latitude	No longitude	2015-04-01 13:11:43
213	user0	VODAFONEGR	202	05	11613	74	No Latitude	No longitude	2015-04-01 13:13:46
215	user22	GR COSMOTE	202	01	3793	2031	No Latitude	No longitude	2015-04-01 13:49:44
216	user22	GR COSMOTE	202	01	3583	2031	No Latitude	No longitude	2015-04-01 14:00:42
217	user22	GR COSMOTE	202	01	5617	51	No Latitude	No longitude	2015-04-01 14:12:15
218	user25	GR COSMOTE	202	01	56917	38	No Latitude	No longitude	2015-04-01 14:14:10
219	user25	GR COSMOTE	202	01	1017	38	No Latitude	No longitude	2015-04-01 14:20:45
220	user25	GR COSMOTE	202	01	773	37	37.784346	23.606252	2015-04-01 14:28:28
221	user25	GR COSMOTE	202	01	4238	37	No Latitude	No longitude	2015-04-01 14:29:11
223	user25	GR COSMOTE	202	01	841	38	No Latitude	No longitude	2015-04-01 14:31:10
224	user22	GR COSMOTE	202	01	55072	51	No Latitude	No longitude	2015-04-01 14:46:12
225	user22	GR COSMOTE	202	01	28953	51	No Latitude	No longitude	2015-04-01 14:46:29
226	user22	GR COSMOTE	202	01	55072	3050	No Latitude	No longitude	2015-04-01 14:56:17
227	user1	COSMOT	202	01	34597124	3031	No Latitude	No longitude	2015-04-01 15:02:04
228	user35	COSMOTE	202	01	34413519	3037	No Latitude	No longitude	2015-04-01 15:11:33
229	user19	GR COSMOTE	202	01	9191	2045	No Latitude	No longitude	2015-04-01 15:13:47
230	user1	COSMOT	202	01	34566383	3031	No Latitude	No longitude	2015-04-01 15:14:03
231	user19	GR COSMOTE	202	01	2941	2045	No Latitude	No longitude	2015-04-01 15:14:16
232	user19	GR COSMOTE	202	01	2942	2045	No Latitude	No longitude	2015-04-01 15:15:57
233	user19	GR COSMOTE	202	01	27351	2045	No Latitude	No longitude	2015-04-01 15:20:41
234	user19	GR COSMOTE	202	01	7411	45	No Latitude	No longitude	2015-04-01 15:23:14
235	user19	GR COSMOTE	202	01	27291	2045	No Latitude	No longitude	2015-04-01 15:28:58
236	user19	GR COSMOTE	202	01	1282	2045	No Latitude	No longitude	2015-04-01 15:29:12
237	user19	GR COSMOTE	202	01	2948	2045	No Latitude	No longitude	2015-04-01 15:40:17
238	user1	COSMOT	202	01	34566391	3031	No Latitude	No longitude	2015-04-01 15:41:37
239	user1	COSMOT	202	01	34539629	3031	No Latitude	No longitude	2015-04-01 15:46:11
240	user1	COSMOT	202	01	34566389	3031	No Latitude	No longitude	2015-04-01 15:48:21
241	user19	GR COSMOTE	202	01	34939879	3045	No Latitude	No longitude	2015-04-01 15:50:45
242	user19	GR COSMOTE	202	01	34958039	3045	No Latitude	No longitude	2015-04-01 15:51:04
243	user35	COSMOTE	202	01	34475617	3050	No Latitude	No longitude	2015-04-01 16:25:42
244	user35	COSMOTE	202	01	34472580	3050	38.02761	23.742553	2015-04-01 16:40:48
245	user35	COSMOTE	202	01	34475620	3050	No Latitude	No longitude	2015-04-01 16:41:02
246	user22	GR COSMOTE	202	01	34541265	3031	No Latitude	No longitude	2015-04-01 17:00:13
247	user31	VODAFONEGR	202	05	2712483	6022	37.978037	23.708891	2015-04-01 17:08:06
248	user31	VODAFONEGR	202	05	2741242	6022	No Latitude	No longitude	2015-04-01 17:08:26
249	user31	VODAFONEGR	202	05	2741238	6022	No Latitude	No longitude	2015-04-01 17:09:46
250	user31	VODAFONEGR	202	05	2712479	6022	37.979022	23.711609	2015-04-01 17:10:15
251	user13	GR COSMOTE	202	01	34411709	3037	No Latitude	No longitude	2015-04-01 17:13:08
252	user13	GR COSMOTE	202	01	34411706	3037	No Latitude	No longitude	2015-04-01 17:13:27
253	user29	COSMOTE	202	01	34934187	3044	No Latitude	No longitude	2015-04-01 17:22:02
254	user35	COSMOTE	202	01	34472577	3050	38.033435	23.743477	2015-04-01 17:23:04
255	user35	COSMOTE	202	01	34472583	3050	38.041346	23.748164	2015-04-01 17:24:03
256	user35	COSMOTE	202	01	34475623	3050	No Latitude	No longitude	2015-04-01 17:24:40
257	user35	COSMOTE	202	01	34492235	3050	No Latitude	No longitude	2015-04-01 17:36:32
258	user35	COSMOTE	202	01	34492232	3050	No Latitude	No longitude	2015-04-01 17:43:53
259	user35	COSMOTE	202	01	34474520	3050	No Latitude	No longitude	2015-04-01 17:49:55
260	user35	COSMOTE	202	01	34474523	3050	No Latitude	No longitude	2015-04-01 17:50:22
261	user19	GR COSMOTE	202	01	2941	3045	No Latitude	No longitude	2015-04-01 18:29:52
262	user29	COSMOTE	202	01	34934184	3044	No Latitude	No longitude	2015-04-01 18:44:23
263	user35	COSMOTE	202	01	34275789	3009	38.078329	23.741093	2015-04-01 18:46:31
264	user35	COSMOTE	202	01	34275790	3009	38.076714	38.076714	2015-04-01 19:02:41
265	user26	GR COSMOTE	202	01	32769781	1001	No Latitude	No longitude	2015-04-01 19:26:21
266	user17	GR COSMOTE	202	01	33690818	1005	37.93767	23.64131	2015-04-01 19:39:01
267	user17	GR COSMOTE	202	01	33694490	1005	No Latitude	No longitude	2015-04-01 19:40:48
268	user17	GR COSMOTE	202	01	33693199	1005	No Latitude	No longitude	2015-04-01 19:42:05
269	user17	GR COSMOTE	202	01	33693198	1005	No Latitude	No longitude	2015-04-01 19:42:33
270	user17	GR COSMOTE	202	01	33685840	1005	37.94953	23.641128	2015-04-01 19:42:53
271	user17	GR COSMOTE	202	01	33693200	1005	No Latitude	No longitude	2015-04-01 19:43:25
272	user17	GR COSMOTE	202	01	33690458	1005	No Latitude	No longitude	2015-04-01 19:44:06
273	user17	GR COSMOTE	202	01	33690456	1005	No Latitude	No longitude	2015-04-01 19:44:29
274	user17	GR COSMOTE	202	01	33690459	1005	No Latitude	No longitude	2015-04-01 19:45:07
275	user17	GR COSMOTE	202	01	33690460	1005	No Latitude	No longitude	2015-04-01 19:45:25
276	user17	GR COSMOTE	202	01	33690430	1005	No Latitude	No longitude	2015-04-01 19:46:31
277	user17	GR COSMOTE	202	01	33690429	1005	No Latitude	No longitude	2015-04-01 19:46:46
278	user17	GR COSMOTE	202	01	33685821	1005	No Latitude	No longitude	2015-04-01 19:51:17
279	user19	GR COSMOTE	202	01	34990133	3045	No Latitude	No Latitude	2015-04-01 21:00:25
280	user19	GR COSMOTE	202	01	34990129	3045	No Latitude	No longitude	2015-04-01 21:00:27
281	user19	GR COSMOTE	202	01	34933879	3045	No Latitude	No longitude	2015-04-01 22:05:41
283	user19	GR COSMOTE	202	01	2948	3045	No Latitude	No longitude	2015-04-01 22:44:45
285	user39	vodafone GR	202	05	7291	74	No Latitude	No longitude	2015-04-01 23:54:16
286	user19	GR COSMOTE	202	01	34931971	3045	No Latitude	No longitude	2015-04-02 07:42:51
287	user19	GR COSMOTE	202	01	34939879	2045	No Latitude	No longitude	2015-04-02 07:56:47
288	user39	vodafone GR	202	05	53372	74	37.888936	23.776162	2015-04-02 11:30:14
289	user39	vodafone GR	202	05	54132	74	No Latitude	No longitude	2015-04-02 11:31:39
290	user17	GR COSMOTE	202	01	34413519	3037	No Latitude	No longitude	2015-04-02 11:57:57
291	user17	GR COSMOTE	202	01	34413513	3037	37.96671	23.764959	2015-04-02 11:59:17
292	user17	GR COSMOTE	202	01	34413516	3037	No Latitude	No longitude	2015-04-02 12:03:29
293	user13	GR COSMOTE	202	01	34413513	3037	37.96671	23.764959	2015-04-02 12:56:16
294	user40	GR COSMOTE	202	01	7113	38	No Latitude	No longitude	2015-04-02 13:38:24
295	user40	GR COSMOTE	202	01	7111	38	No Latitude	No longitude	2015-04-02 13:41:20
296	user40	GR COSMOTE	202	01	7119	38	37.973158	23.759719	2015-04-02 13:52:43
298	user19	GR COSMOTE	202	01	2947	2045	No Latitude	No longitude	2015-04-02 13:58:22
299	user19	GR COSMOTE	202	01	2932	2045	No Latitude	No longitude	2015-04-02 14:50:15
300	user19	GR COSMOTE	202	01	3191	2045	No Latitude	No longitude	2015-04-02 15:05:44
301	user26	GR COSMOTE	202	01	34277919	3009	38.034291	23.768285	2015-04-02 15:09:24
302	user41	GR COSMOTE	202	01	34410543	3037	No Latitude	No longitude	2015-04-02 15:22:27
303	user29	COSMOTE	202	01	34413513	3037	37.96671	23.764959	2015-04-02 15:36:21
304	user39	vodafone GR	202	05	7295	74	No Latitude	No longitude	2015-04-02 16:20:39
305	user39	vodafone GR	202	05	3367628	6014	No Latitude	No longitude	2015-04-02 16:26:32
306	user39	vodafone GR	202	05	52445	74	No Latitude	No longitude	2015-04-02 16:32:22
307	user39	vodafone GR	202	05	3394777	6014	No Latitude	No longitude	2015-04-02 16:33:44
308	user22	GR COSMOTE	202	01	3799	2031	No Latitude	No longitude	2015-04-02 17:31:46
309	user22	GR COSMOTE	202	01	29169	50	No Latitude	No longitude	2015-04-02 17:32:27
310	user22	GR COSMOTE	202	01	34541268	3031	No Latitude	No longitude	2015-04-02 17:34:08
311	user22	GR COSMOTE	202	01	34541271	3031	No Latitude	No longitude	2015-04-02 17:44:56
312	user22	GR COSMOTE	202	01	34500889	3050	38.017125	23.727392	2015-04-02 17:45:35
313	user22	GR COSMOTE	202	01	7422	51	No Latitude	No longitude	2015-04-02 17:56:24
314	user26	GR COSMOTE	202	01	34478579	3050	37.997238	23.694378	2015-04-02 18:15:10
315	user22	GR COSMOTE	202	01	3793	3031	No Latitude	No longitude	2015-04-02 18:32:19
316	user39	vodafone GR	202	05	3360339	6014	No Latitude	No longitude	2015-04-02 18:33:57
317	user39	vodafone GR	202	05	2039207	6010	37.971363	23.700169	2015-04-02 18:53:41
318	user42	GR COSMOTE	202	01	34216243	3003	38.020848	23.839802	2015-04-02 19:36:04
319	user42	GR COSMOTE	202	01	34237933	3003	No Latitude	No longitude	2015-04-02 19:38:05
320	user42	GR COSMOTE	202	01	34237939	3003	No Latitude	No longitude	2015-04-02 19:47:08
321	user43	GR COSMOTE	202	01	34478379	3050	No Latitude	No longitude	2015-04-02 20:00:10
322	user19	GR COSMOTE	202	01	34407102	3037	37.992517	23.768419	2015-04-02 20:26:04
323	user44	COSMOTE - Mobile Telecommunications S.A.	202	01	34543605	3031	37.996127	23.686987	2015-04-02 20:54:00
325	user45	GR COSMOTE	202	01	34804177	3039	No Latitude	No longitude	2015-04-02 22:21:57
326	user44	COSMOTE - Mobile Telecommunications S.A.	202	01	34537524	3031	No Latitude	No longitude	2015-04-02 23:11:23
328	user22	GR COSMOTE	202	01	34496858	3050	No Latitude	No longitude	2015-04-02 23:34:44
329	user44	COSMOTE - Mobile Telecommunications S.A.	202	01	4468	2031	No Latitude	No longitude	2015-04-02 23:41:32
330	user39	vodafone GR	202	05	2037028	6010	No Latitude	No longitude	2015-04-02 23:46:40
331	user39	vodafone GR	202	05	7595	37	No Latitude	No longitude	2015-04-02 23:51:24
332	user39	vodafone GR	202	05	7597	37	No Latitude	No longitude	2015-04-02 23:51:47
333	user35	COSMOTE	202	01	34492229	3050	No Latitude	No longitude	2015-04-03 00:56:03
334	user40	GR COSMOTE	202	01	59	2031	No Latitude	No longitude	2015-04-03 01:45:26
335	user40	GR COSMOTE	202	01	54	2031	No Latitude	No longitude	2015-04-03 01:53:17
337	user22	GR COSMOTE	202	01	97027	4031	No Latitude	No longitude	2015-04-03 09:26:31
338	user47	GR COSMOTE	202	01	32774843	1001	No Latitude	No longitude	2015-04-03 10:08:11
339	user22	GR COSMOTE	202	01	19971	4037	No Latitude	No longitude	2015-04-03 11:02:10
340	user22	GR COSMOTE	202	01	19969	4037	No Latitude	No longitude	2015-04-03 11:06:27
341	user22	GR COSMOTE	202	01	1456899	4037	No Latitude	No longitude	2015-04-03 11:08:46
342	user22	GR COSMOTE	202	01	1456898	4037	No Latitude	No longitude	2015-04-03 11:10:07
343	user22	GR COSMOTE	202	01	769	4037	No Latitude	No longitude	2015-04-03 11:11:56
344	user22	GR COSMOTE	202	01	25857	4037	No Latitude	No longitude	2015-04-03 11:12:30
345	user23	GR COSMOTE	202	01	34413519	3037	No Latitude	No longitude	2015-04-03 11:46:32
346	user13	GR COSMOTE	202	01	34413516	3037	No Latitude	No longitude	2015-04-03 11:47:49
347	user26	GR COSMOTE	202	01	2591	3009	No Latitude	No longitude	2015-04-03 12:57:32
348	user26	GR COSMOTE	202	01	34277922	3009	No Latitude	No longitude	2015-04-03 12:57:48
349	user39	vodafone GR	202	05	13792	74	No Latitude	No longitude	2015-04-03 13:55:28
350	user39	vodafone GR	202	05	3394778	6014	No Latitude	No longitude	2015-04-03 13:55:55
351	user39	vodafone GR	202	05	3394781	6014	No Latitude	No longitude	2015-04-03 14:19:16
352	user48	GR COSMOTE	202	01	34413513	3037	37.96671	23.764959	2015-04-03 14:31:13
353	user48	GR COSMOTE	202	01	34413519	3037	No Latitude	No longitude	2015-04-03 14:31:30
354	user39	vodafone GR	202	05	5041	74	No Latitude	No longitude	2015-04-03 14:36:18
355	user19	GR COSMOTE	202	01	34407105	3037	37.9929	23.766086	2015-04-03 17:15:25
356	user49	COSMOT	202	01	34278991	3009	38.053016	23.747293	2015-04-03 17:18:27
357	user49	COSMOT	202	01	34474507	3050	No Latitude	No longitude	2015-04-03 17:19:05
359	user49	COSMOT	202	01	34472577	3050	38.033435	23.743477	2015-04-03 20:41:30
360	user48	GR COSMOTE	202	01	34415724	3041	No Latitude	No longitude	2015-04-03 20:58:34
361	user19	GR COSMOTE	202	01	34415182	3041	No latitude yet	No longitude yet	2015-04-03 21:59:05
362	user50	GR COSMOTE	202	01	34537898	3035	No Latitude	No longitude	2015-04-03 22:08:21
363	user50	GR COSMOTE	202	01	34539637	3035	No Latitude	No longitude	2015-04-03 22:08:44
364	user50	GR COSMOTE	202	01	34539640	3035	No Latitude	No longitude	2015-04-03 22:09:15
365	user50	GR COSMOTE	202	01	34539634	3035	No Latitude	No longitude	2015-04-03 22:09:36
366	user50	GR COSMOTE	202	01	34537901	3035	No Latitude	No longitude	2015-04-03 22:14:01
367	user50	GR COSMOTE	202	01	34537895	3035	No Latitude	No longitude	2015-04-03 22:14:20
368	user50	GR COSMOTE	202	01	424	2035	No Latitude	No longitude	2015-04-03 22:19:10
369	user26	GR COSMOTE	202	01	32769761	1001	No Latitude	No longitude	2015-04-03 22:49:20
370	user26	GR COSMOTE	202	01	32769732	1001	37.789936	23.880163	2015-04-03 23:00:54
371	user26	GR COSMOTE	202	01	32795583	1001	No Latitude	No longitude	2015-04-03 23:57:56
372	user35	COSMOTE	202	01	473	2011	38.036825	23.723784	2015-04-04 00:29:30
373	user50	GR COSMOTE	202	01	420	2035	No Latitude	No longitude	2015-04-04 00:47:02
374	user26	GR COSMOTE	202	01	32769764	1001	No Latitude	No longitude	2015-04-04 01:13:22
375	user26	GR COSMOTE	202	01	32769653	1001	No Latitude	No longitude	2015-04-04 01:29:58
376	user48	GR COSMOTE	202	01	34282280	3009	38.033014	23.754055	2015-04-04 08:36:28
377	user19	GR COSMOTE	202	01	32774811	1001	No latitude yet	No longitude yet	2015-04-04 09:41:49
378	user19	GR COSMOTE	202	01	6781	33	No latitude yet	No latitude yet	2015-04-04 11:14:56
380	user26	GR COSMOTE	202	01	34939619	3045	No Latitude	No longitude	2015-04-04 15:19:11
381	user26	GR COSMOTE	202	01	34990129	3045	No Latitude	No longitude	2015-04-04 15:19:36
382	user51	WIND GR 	202	10	13833947	11300	37.977536	23.736061	2015-04-04 15:29:32
383	user52	GR COSMOTE	202	01	34434262	3037	37.975063	23.775105	2015-04-04 20:24:10
384	user19	GR COSMOTE	202	01	34435083	3041	No latitude yet	No latitude yet	2015-04-04 23:17:50
385	user53	vodafone GR	202	05	87041	4014	No Latitude	No longitude	2015-04-05 00:38:36
386	user26	GR COSMOTE	202	01	32769766	1001	No Latitude	No longitude	2015-04-05 00:50:06
387	user26	GR COSMOTE	202	01	32769763	1001	No Latitude	No longitude	2015-04-05 00:50:45
388	user54	Sunrise	228	02	19962	5000	46.159156	6.002311	2015-04-05 01:50:18
391	user0	VODAFONEGR	202	05	2901	53	No Latitude	No longitude	2015-04-05 09:08:10
392	user0	VODAFONEGR	202	05	2905	53	No Latitude	No longitude	2015-04-05 09:26:27
393	user55	Android	310	260	0	0	No Latitude	No longitude	2015-04-05 13:07:44
394	user56	VODAFONE GR	202	05	18107	82	38.009547	23.832223	2015-04-05 13:11:44
395	user56	VODAFONE GR	202	05	18112	82	No Latitude	No longitude	2015-04-05 13:12:19
396	user56	VODAFONE GR	202	05	12826	82	No Latitude	No longitude	2015-04-05 13:12:59
397	user56	VODAFONE GR	202	05	27097	82	No Latitude	No longitude	2015-04-05 13:13:21
398	user56	VODAFONE GR	202	05	18115	82	No Latitude	No longitude	2015-04-05 13:13:37
399	user56	VODAFONE GR	202	05	49853	82	No Latitude	No longitude	2015-04-05 13:17:33
400	user56	VODAFONE GR	202	05	485	27	No Latitude	No longitude	2015-04-05 13:18:47
401	user56	VODAFONE GR	202	05	3420694	6016	No Latitude	No longitude	2015-04-05 13:24:24
402	user57	GR COSMOTE	202	01	8979	2007	No Latitude	No longitude	2015-04-05 14:25:20
403	user19	GR COSMOTE	202	01	34939885	3045	No Latitude	No longitude	2015-04-05 14:53:09
404	user19	GR COSMOTE	202	01	34958042	3045	No Latitude	No longitude	2015-04-05 14:53:34
405	user19	GR COSMOTE	202	01	34958042	2045	No Latitude	No longitude	2015-04-05 14:54:46
406	user18	CU-X	202	05	9219	4022	No Latitude	No longitude	2015-04-05 14:59:10
407	user51	WIND GR 	202	10	13834377	11300	37.978326	23.738773	2015-04-05 15:14:35
408	user56	VODAFONE GR	202	05	3434965	6016	No Latitude	No longitude	2015-04-05 15:20:13
409	user19	GR COSMOTE	202	01	9191	3045	No Latitude	No longitude	2015-04-05 15:38:58
410	user14	GR COSMOTE	202	01	34500777	3050	No Latitude	No longitude	2015-04-05 15:56:28
411	user31	VODAFONE GR	202	05	4336348	6018	No Latitude	No longitude	2015-04-05 16:19:18
412	user14	COSMOTE	202	01	34500638	3050	No Latitude	No longitude	2015-04-05 16:43:08
413	user19	GR COSMOTE	202	01	34931977	3045	No Latitude	No longitude	2015-04-05 16:44:17
414	user19	GR COSMOTE	202	01	34931977	2045	No Latitude	No longitude	2015-04-05 16:45:34
415	user14	GR COSMOTE	202	01	28847	51	No Latitude	No longitude	2015-04-05 16:46:23
416	user14	GR COSMOTE	202	01	34500780	3050	No Latitude	No longitude	2015-04-05 16:48:23
418	user56	VODAFONE GR	202	05	3420695	6016	38.021484	23.824841	2015-04-05 17:15:52
419	user54	Sunrise	228	02	19963	5000	46.241466	6.029503	2015-04-05 19:27:55
420	user54	Sunrise	228	02	21632	5000	46.139619	6.02226	2015-04-05 19:36:50
421	user54	Orange F	208	01	51160273	20996	46.234861	6.008599	2015-04-05 19:55:11
422	user54	Orange F	208	01	51154622	20996	46.227041	5.99288	2015-04-05 19:55:48
423	user54	Orange F	208	01	51173442	20996	No Latitude	No longitude	2015-04-05 20:01:26
424	user54	Orange F	208	01	51180013	20996	46.089376	5.932765	2015-04-05 20:05:03
425	user54	Orange F	208	01	51140443	20996	No Latitude	No longitude	2015-04-05 20:07:13
427	user52	GR COSMOTE	202	01	34407241	3037	No Latitude	No longitude	2015-04-05 22:12:47
428	user59	COSMOTE	202	01	34434571	3037	No Latitude	No longitude	2015-04-06 04:44:10
429	user59	COSMOTE	202	01	34434574	3037	37.961149	23.729772	2015-04-06 04:45:20
430	user59	COSMOTE	202	01	34434577	3037	No Latitude	No longitude	2015-04-06 04:46:59
431	user19	GR COSMOTE	202	01	34939882	3045	No Latitude	No longitude	2015-04-06 11:39:18
432	user56	VODAFONE GR	202	05	3472774	6016	No Latitude	No longitude	2015-04-06 14:35:16
433	user56	VODAFONE GR	202	05	3434924	6016	38.015498	23.810937	2015-04-06 14:36:20
434	user56	VODAFONE GR	202	05	7042	82	No Latitude	No longitude	2015-04-06 14:38:12
435	user56	VODAFONE GR	202	05	27056	82	No Latitude	No longitude	2015-04-06 14:38:29
436	user56	VODAFONE GR	202	05	3415835	6016	38.009886	23.807511	2015-04-06 14:39:51
437	user56	VODAFONE GR	202	05	35092	25	No Latitude	No longitude	2015-04-06 14:45:32
438	user56	VODAFONE GR	202	05	35082	25	No Latitude	No longitude	2015-04-06 14:48:10
439	user56	VODAFONE GR	202	05	793	25	No Latitude	No longitude	2015-04-06 14:50:30
440	user56	VODAFONE GR	202	05	742	25	No Latitude	No longitude	2015-04-06 14:52:16
441	user56	VODAFONEGR	202	05	35052	100	No Latitude	No longitude	2015-04-06 14:54:26
442	user19	GR COSMOTE	202	01	34933630	3045	No Latitude	No longitude	2015-04-06 15:21:30
443	user31	VODAFONE GR	202	05	4333167	80	No Latitude	No longitude	2015-04-06 19:17:58
444	user19	GR COSMOTE	202	01	34990429	3045	No Latitude	No longitude	2015-04-06 19:37:48
445	user56	VODAFONE GR	202	05	3396468	6014	No Latitude	No longitude	2015-04-06 20:14:33
446	user56	VODAFONE GR	202	05	7393	74	No Latitude	No longitude	2015-04-06 20:14:52
447	user56	VODAFONE GR	202	05	3349729	6014	37.908214	23.71499	2015-04-06 20:15:11
448	user56	VODAFONE GR	202	05	3396469	6014	37.906331	23.718488	2015-04-06 20:15:51
449	user56	VODAFONE GR	202	05	3359641	6014	No Latitude	No longitude	2015-04-06 20:17:50
450	user56	VODAFONE GR	202	05	3359637	6014	No Latitude	No longitude	2015-04-06 20:22:32
451	user56	VODAFONE GR	202	05	3347859	6014	37.881917	23.729194	2015-04-06 20:25:32
452	user19	GR COSMOTE	202	01	34990432	3045	No Latitude	No longitude	2015-04-06 20:52:16
453	user60	GR COSMOTE	202	01	33281	4005	No Latitude	No longitude	2015-04-06 21:23:45
454	user35	COSMOTE	202	01	34284621	3009	No Latitude	No longitude	2015-04-06 22:05:52
455	user31	VODAFONE GR	202	05	2692512	6022	No Latitude	No longitude	2015-04-06 22:32:07
456	user31	VODAFONE GR	202	05	2692509	6022	No Latitude	No longitude	2015-04-06 22:33:09
457	user31	VODAFONE GR	202	05	2692508	6022	No Latitude	No longitude	2015-04-06 22:33:37
458	user31	VODAFONE GR	202	05	2692513	6022	No Latitude	No longitude	2015-04-06 22:33:54
459	user31	VODAFONE GR	202	05	2712481	6022	No Latitude	No longitude	2015-04-06 22:35:25
460	user31	VODAFONE GR	202	05	2712477	6022	No Latitude	No longitude	2015-04-06 22:37:53
461	user31	VODAFONE GR	202	05	2712485	6022	37.978031	23.708893	2015-04-06 22:38:18
462	user31	VODAFONE GR	202	05	5532	37	37.971695	23.724792	2015-04-06 22:56:16
463	user31	VODAFONE GR	202	05	25503	37	37.971717	23.724814	2015-04-06 23:00:23
464	user31	VODAFONE GR	202	05	2712479	37	No Latitude	No longitude	2015-04-06 23:11:11
465	user31	VODAFONE GR	202	05	5532	6022	No Latitude	No longitude	2015-04-06 23:17:35
466	user31	VODAFONE GR	202	05	25505	37	No Latitude	No longitude	2015-04-06 23:48:57
467	user31	VODAFONE GR	202	05	25503	6022	No Latitude	No longitude	2015-04-06 23:51:57
468	user31	VODAFONE GR	202	05	5536	37	No Latitude	No longitude	2015-04-06 23:52:50
469	user31	VODAFONE GR	202	05	2692508	37	No Latitude	No longitude	2015-04-07 00:22:59
470	user53	vodafone GR	202	05	3729854	6035	No Latitude	No longitude	2015-04-07 03:44:41
471	user61	GR COSMOTE	202	01	3027	61	No Latitude	No longitude	2015-04-07 09:43:46
472	user30	GR COSMOTE	202	01	34497882	3050	No Latitude	No longitude	2015-04-07 12:07:47
473	user19	GR COSMOTE	202	01	27357	2045	No Latitude	No longitude	2015-04-07 13:45:56
474	user61	GR COSMOTE	202	01	33688527	1005	No Latitude	No longitude	2015-04-07 14:48:24
475	user51	WIND GR 	202	10	19727393	21500	39.710069	21.60598	2015-04-07 15:48:05
476	user14	COSMOTE	202	01	34412783	3041	No Latitude	No longitude	2015-04-07 15:50:45
477	user19	GR COSMOTE	202	01	34931974	3045	No Latitude	No longitude	2015-04-07 19:18:33
478	user62	VODAFONE GR	202	05	86019	4010	No Latitude	No longitude	2015-04-07 20:12:36
479	user62	VODAFONE GR	202	05	25603	4010	No Latitude	No longitude	2015-04-07 20:12:54
480	user19	GR COSMOTE	202	01	27291	3045	No Latitude	No longitude	2015-04-07 20:17:16
481	user62	VODAFONE GR	202	05	2096339	6010	No Latitude	No longitude	2015-04-07 20:42:18
482	user62	VODAFONE GR	202	05	2096338	6010	No Latitude	No longitude	2015-04-07 20:54:14
483	user19	GR COSMOTE	202	01	34932731	3045	No Latitude	No longitude	2015-04-07 21:04:56
484	user62	VODAFONE GR	202	05	113	37	No Latitude	No longitude	2015-04-07 21:07:03
485	user62	VODAFONE GR	202	05	64723	37	No Latitude	No longitude	2015-04-07 21:07:39
486	user19	GR COSMOTE	202	01	34932749	3045	No Latitude	No longitude	2015-04-07 21:09:40
487	user45	GR COSMOTE	202	01	146178	4041	No Latitude	No longitude	2015-04-07 21:19:00
488	user19	GR COSMOTE	202	01	34932749	0	No Latitude	No longitude	2015-04-07 22:13:08
490	user19	GR COSMOTE	202	01	2949	2045	No Latitude	No longitude	2015-04-07 22:32:25
491	user26	GR COSMOTE	202	01	34407192	3041	No Latitude	No longitude	2015-04-07 23:17:33
492	user26	GR COSMOTE	202	01	34414331	3041	No Latitude	No longitude	2015-04-07 23:18:54
493	user54	Sunrise	228	02	29024854	22300	No Latitude	No longitude	2015-04-08 02:27:59
494	user54	Sunrise	228	02	29006242	22300	No Latitude	No longitude	2015-04-08 02:29:23
495	user54	Sunrise	228	02	34833	5000	46.096834	5.963822	2015-04-08 02:30:05
497	user19	GR COSMOTE	202	01	34933882	3045	No Latitude	No longitude	2015-04-08 12:35:20
498	user57	GR COSMOTE	202	01	34435591	3037	No Latitude	No longitude	2015-04-08 17:41:54
499	user57	GR COSMOTE	202	01	34435592	3037	No Latitude	No longitude	2015-04-08 17:47:42
500	user62	VODAFONE GR	202	05	2096342	6010	No Latitude	No longitude	2015-04-08 18:22:07
501	user62	VODAFONE GR	202	05	64722	37	No Latitude	No longitude	2015-04-08 18:24:23
502	user62	VODAFONE GR	202	05	2096343	6010	No Latitude	No longitude	2015-04-08 18:26:17
503	user19	GR COSMOTE	202	01	902	2045	No Latitude	No longitude	2015-04-08 19:11:21
504	user53	vodafone GR	202	05	3729848	6035	No Latitude	No longitude	2015-04-08 22:21:26
505	user0	VODAFONEGR	202	05	62142	53	No Latitude	No longitude	2015-04-08 22:53:47
506	user0	VODAFONEGR	202	05	62146	53	No Latitude	No longitude	2015-04-08 22:54:38
507	user53	vodafone GR	202	05	3671285	6035	No Latitude	No longitude	2015-04-08 23:15:03
508	user26	GR COSMOTE	202	01	32769312	1001	No Latitude	No longitude	2015-04-08 23:24:50
509	user26	GR COSMOTE	202	01	32769762	1001	No Latitude	No longitude	2015-04-08 23:26:30
510	user45	GR COSMOTE	202	01	39170	4039	No Latitude	No longitude	2015-04-09 13:32:58
511	user45	GR COSMOTE	202	01	34800485	3039	37.954308	23.703741	2015-04-09 13:41:37
512	user45	GR COSMOTE	202	01	22019	4039	No Latitude	No longitude	2015-04-09 13:41:58
513	user45	GR COSMOTE	202	01	-1	3039	No Latitude	No longitude	2015-04-09 13:42:39
514	user23	GR COSMOTE	202	01	34212343	3003	38.037312	23.826184	2015-04-09 15:44:06
515	user35	COSMOTE	202	01	641	51	No Latitude	No longitude	2015-04-09 15:57:45
516	user35	COSMOTE	202	01	34472578	3050	38.027075	23.731823	2015-04-09 16:52:01
517	user35	COSMOTE	202	01	34472584	3050	38.025594	23.730601	2015-04-09 16:52:49
518	user35	COSMOTE	202	01	34492228	3050	No Latitude	No longitude	2015-04-09 16:57:40
519	user35	COSMOTE	202	01	34474517	3050	38.032753	38.032753	2015-04-09 17:21:28
520	user62	VODAFONE GR	202	05	90370	4010	No Latitude	No longitude	2015-04-09 17:26:29
521	user35	COSMOTE	202	01	34284627	3009	No Latitude	No longitude	2015-04-09 17:27:28
522	user35	COSMOTE	202	01	34275802	3009	No Latitude	No longitude	2015-04-09 17:55:48
523	user62	VODAFONE GR	202	05	131329	4010	No Latitude	No longitude	2015-04-09 18:05:09
524	user65	GR COSMOTE	202	01	34527007	3050	38.015056	23.739711	2015-04-09 18:26:15
525	user65	GR COSMOTE	202	01	34471978	3050	No Latitude	No longitude	2015-04-09 18:30:47
526	user49	COSMOT	202	01	34275870	3009	No Latitude	No longitude	2015-04-09 19:09:22
527	user49	COSMOT	202	01	34275869	3009	No Latitude	No longitude	2015-04-09 19:16:22
528	user57	GR COSMOTE	202	01	34332000	3009	No Latitude	No longitude	2015-04-09 19:41:53
529	user56	VODAFONE GR	202	05	4345239	6028	No Latitude	No longitude	2015-04-09 19:45:35
530	user56	VODAFONE GR	202	05	4345244	6028	No Latitude	No longitude	2015-04-09 19:46:33
531	user1	GR COSMOTE	202	01	33608694	1701	No Latitude	No longitude	2015-04-09 20:15:50
532	user1	GR COSMOTE	202	01	33608684	1702	No Latitude	No longitude	2015-04-09 20:16:04
533	user1	GR COSMOTE	202	01	-1	1701	No Latitude	No longitude	2015-04-09 20:16:55
534	user1	GR COSMOTE	202	01	-1	1702	No Latitude	No longitude	2015-04-09 20:17:04
535	user1	GR COSMOTE	202	01	-1	516	No Latitude	No longitude	2015-04-09 20:17:56
536	user1	GR COSMOTE	202	01	52253	516	No Latitude	No longitude	2015-04-09 20:19:48
537	user1	GR COSMOTE	202	01	54252	516	No Latitude	No longitude	2015-04-09 20:20:08
538	user1	GR COSMOTE	202	01	33608687	1702	No Latitude	No longitude	2015-04-09 20:34:57
539	user1	GR COSMOTE	202	01	54262	522	No Latitude	No longitude	2015-04-09 20:36:26
540	user1	GR COSMOTE	202	01	54268	522	No Latitude	No longitude	2015-04-09 20:53:47
541	user1	GR COSMOTE	202	01	54261	522	No Latitude	No longitude	2015-04-09 20:55:19
542	user1	GR COSMOTE	202	01	52252	516	No Latitude	No longitude	2015-04-09 21:14:05
543	user1	GR COSMOTE	202	01	33606685	1702	No Latitude	No longitude	2015-04-09 21:15:00
544	user57	GR COSMOTE	202	01	56672	2007	No Latitude	No longitude	2015-04-09 21:47:33
545	user1	GR COSMOTE	202	01	33608694	516	No Latitude	No longitude	2015-04-09 21:58:58
546	user39	VODAFONE GR	202	05	2704959	6022	No Latitude	No longitude	2015-04-10 02:08:07
547	user29	COSMOTE	202	01	34970061	3044	No Latitude	No longitude	2015-04-10 13:53:27
548	user66	VODAFONE GR	202	05	3408355	6016	38.021219	23.799337	2015-04-10 15:37:42
549	user66	VODAFONE GR	202	05	3408354	6016	38.017876	23.802247	2015-04-10 15:40:27
550	user66	VODAFONE GR	202	05	483	27	No Latitude	No longitude	2015-04-10 15:42:34
551	user66	VODAFONE GR	202	05	203	27	No Latitude	No longitude	2015-04-10 15:42:45
552	user67	vodafone GR	202	05	3091794	6061	39.36101	22.958407	2015-04-10 15:43:39
553	user66	VODAFONE GR	202	05	591	27	No Latitude	No longitude	2015-04-10 15:43:46
554	user66	VODAFONE GR	202	05	482	27	No Latitude	No longitude	2015-04-10 15:48:03
555	user67	vodafone GR	202	05	3139755	6061	39.360825	22.958162	2015-04-10 15:49:55
556	user66	VODAFONE GR	202	05	3408075	6016	38.026812	23.796367	2015-04-10 16:18:38
557	user0	VODAFONEGR	202	05	62143	53	No Latitude	No longitude	2015-04-10 16:32:31
558	user19	GR COSMOTE	202	01	34931971	2045	No Latitude	No longitude	2015-04-10 16:47:10
559	user19	GR COSMOTE	202	01	9851	2045	No Latitude	No longitude	2015-04-10 16:47:46
560	user1	GR COSMOTE	202	01	33607280	1702	No Latitude	No longitude	2015-04-10 16:48:56
562	user1	GR COSMOTE	202	01	-1	522	No Latitude	No longitude	2015-04-10 17:58:14
563	user19	GR COSMOTE	202	01	34934559	3045	No Latitude	No longitude	2015-04-10 19:43:32
564	user26	GR COSMOTE	202	01	32769787	1001	No Latitude	No longitude	2015-04-10 21:15:48
565	user1	GR COSMOTE	202	01	33608063	1701	No Latitude	No longitude	2015-04-10 21:53:34
566	user1	GR COSMOTE	202	01	52848	516	No Latitude	No longitude	2015-04-10 22:19:07
567	user62	VODAFONE GR	202	05	19713	4010	No Latitude	No longitude	2015-04-10 22:44:55
568	user62	VODAFONE GR	202	05	2038877	6010	37.992028	23.678344	2015-04-10 22:46:59
569	user19	GR COSMOTE	202	01	2942	3045	No Latitude	No longitude	2015-04-11 08:44:57
570	user19	GR COSMOTE	202	01	9191	45	No Latitude	No longitude	2015-04-11 11:31:44
571	user18	CU-X	202	05	4372439	6018	No Latitude	No longitude	2015-04-11 13:05:22
572	user0	VODAFONEGR	202	05	62147	53	No Latitude	No longitude	2015-04-11 14:47:30
573	user19	GR COSMOTE	202	01	34957979	3045	No Latitude	No longitude	2015-04-11 14:57:50
574	user29	COSMOTE	202	01	34988590	3044	No Latitude	No longitude	2015-04-11 17:14:27
575	user29	COSMOTE	202	01	34932759	3044	No Latitude	No longitude	2015-04-11 17:19:24
576	user37	GR COSMOTE	202	01	34238071	3033	No Latitude	No longitude	2015-04-11 19:05:51
577	user17	GR COSMOTE	202	01	33685811	1005	No Latitude	No longitude	2015-04-11 20:30:07
578	user17	GR COSMOTE	202	01	33685805	1005	37.966311	23.626925	2015-04-11 20:30:20
579	user45	GR COSMOTE	202	01	34804183	3039	37.955157	23.704574	2015-04-11 21:49:28
580	user45	GR COSMOTE	202	01	22537	4039	No Latitude	No longitude	2015-04-11 21:56:46
581	user45	GR COSMOTE	202	01	34800479	3039	37.956445	23.69394	2015-04-11 22:58:35
582	user26	GR COSMOTE	202	01	32794902	1001	No Latitude	No longitude	2015-04-12 00:40:53
583	user26	GR COSMOTE	202	01	1781	141	No Latitude	No longitude	2015-04-12 00:41:08
584	user67	VODAFONE GR	202	05	4351757	6028	39.003173	23.197961	2015-04-12 09:12:50
586	user29	COSMOTE	202	01	34800499	3039	37.9472	23.711893	2015-04-12 17:59:48
587	user19	GR COSMOTE	202	01	34953280	2045	No Latitude	No longitude	2015-04-12 18:53:05
588	user19	GR COSMOTE	202	01	27351	3045	No Latitude	No longitude	2015-04-12 18:59:35
589	user66	GR COSMOTE	202	01	34264424	3003	No Latitude	No Latitude	2015-04-13 12:23:52
590	user16	GR COSMOTE	202	01	33791134	1902	No Latitude	No longitude	2015-04-13 21:46:19
591	user69	WIND GR 	202	10	20580	14200	No Latitude	No longitude	2015-04-13 22:23:37
592	user69	WIND GR 	202	10	13828678	11200	38.044269	23.755527	2015-04-14 01:21:00
593	user69	WIND GR 	202	10	13834068	11200	38.041662	23.752011	2015-04-14 01:25:04
594	user69	WIND GR 	202	10	13833389	11200	38.042503	23.753293	2015-04-14 01:31:04
595	user69	WIND GR 	202	10	13853478	11200	No Latitude	No longitude	2015-04-14 02:26:52
596	user19	GR COSMOTE	202	01	34958045	3045	No Latitude	No longitude	2015-04-14 09:25:52
597	user19	GR COSMOTE	202	01	2937	2045	No Latitude	No longitude	2015-04-14 10:56:54
598	user69	WIND GR 	202	10	50580	14200	No Latitude	No longitude	2015-04-14 10:59:07
599	user69	WIND GR 	202	10	55630	14200	No Latitude	No longitude	2015-04-14 11:02:03
601	user69	WIND GR 	202	10	13853114	11200	38.043065	23.753861	2015-04-14 11:26:09
602	user66	VODAFONEGR	202	05	3408353	6016	No Latitude	No longitude	2015-04-14 13:44:16
603	user69	WIND GR 	202	10	40390	14200	No Latitude	No longitude	2015-04-14 13:57:49
604	user69	WIND GR 	202	10	30580	14200	No Latitude	No longitude	2015-04-14 15:57:42
605	user26	GR COSMOTE	202	01	34935371	3045	No Latitude	No longitude	2015-04-14 18:37:00
606	user26	GR COSMOTE	202	01	32769212	1001	No Latitude	No longitude	2015-04-15 14:15:53
607	user70	GR COSMOTE	202	01	34785152	3703	No Latitude	No longitude	2015-04-15 14:58:41
608	user39	vodafone GR	202	05	3348188	6014	No Latitude	No longitude	2015-04-15 20:11:16
609	user39	vodafone GR	202	05	5412	37	No Latitude	No longitude	2015-04-15 20:32:36
610	user19	GR COSMOTE	202	01	32906283	1002	No Latitude	No longitude	2015-04-15 20:34:19
611	user65	GR COSMOTE	202	01	34477939	3050	38.010489	23.752405	2015-04-15 21:20:59
612	user65	GR COSMOTE	202	01	34529249	3050	38.014939	23.746505	2015-04-15 21:21:15
613	user65	GR COSMOTE	202	01	48	51	No Latitude	No longitude	2015-04-15 21:35:16
614	user18	CU-X	202	05	14337	4018	No Latitude	No longitude	2015-04-16 09:30:30
615	user19	GR COSMOTE	202	01	34957780	3044	No Latitude	No longitude	2015-04-16 13:39:29
616	user19	GR COSMOTE	202	01	27291	45	No Latitude	No longitude	2015-04-16 16:09:51
617	user29	VODAFONE GR	202	05	871	74	No Latitude	No longitude	2015-04-16 21:11:45
618	user29	VODAFONE GR	202	05	12451	74	No Latitude	No longitude	2015-04-16 21:14:05
619	user45	GR COSMOTE	202	01	34804180	3039	37.955709	23.702603	2015-04-16 22:53:44
620	user19	GR COSMOTE	202	01	59741	3045	No Latitude	No longitude	2015-04-16 22:54:14
621	user65	GR COSMOTE	202	01	34410632	3037	No Latitude	No longitude	2015-04-17 00:45:01
622	user26	GR COSMOTE	202	01	1650	141	No Latitude	No longitude	2015-04-17 01:40:12
623	user26	GR COSMOTE	202	01	32774432	1001	No Latitude	No longitude	2015-04-17 01:43:33
624	user32	GR COSMOTE	202	01	34434268	3037	37.975728	23.775973	2015-04-17 14:44:01
625	user32	GR COSMOTE	202	01	34434265	3037	37.975126	23.775129	2015-04-17 14:48:01
626	user45	GR COSMOTE	202	01	116737	4039	No Latitude	No longitude	2015-04-17 17:07:45
628	user70	GR COSMOTE	202	01	34409951	3037	37.969744	23.772518	2015-04-17 19:06:09
629	user1	COSMOT	202	01	34236974	3003	37.996321	23.784461	2015-04-17 22:55:17
630	user65	GR COSMOTE	202	01	32795431	1001	No Latitude	No longitude	2015-04-17 23:00:25
631	user65	GR COSMOTE	202	01	32777921	1001	No Latitude	No longitude	2015-04-17 23:00:40
632	user65	GR COSMOTE	202	01	32769101	1001	No Latitude	No longitude	2015-04-17 23:01:13
633	user1	COSMOT	202	01	34406431	3037	37.968814	23.744648	2015-04-18 00:30:00
634	user1	COSMOT	202	01	34407413	3037	No Latitude	No longitude	2015-04-18 00:32:12
635	user39	vodafone GR	202	05	51893	74	No Latitude	No longitude	2015-04-18 11:27:06
636	user39	vodafone GR	202	05	53376	74	No Latitude	No longitude	2015-04-18 11:27:37
637	user39	vodafone GR	202	05	3361227	6014	37.914469	23.755975	2015-04-18 11:35:29
638	user39	vodafone GR	202	05	45663	37	No Latitude	No longitude	2015-04-18 11:53:30
639	user39	vodafone GR	202	05	3367527	6014	No Latitude	No longitude	2015-04-18 11:54:56
640	user39	vodafone GR	202	05	3392388	6014	37.964084	23.727337	2015-04-18 11:55:16
641	user39	vodafone GR	202	05	50361	37	No Latitude	No longitude	2015-04-18 12:00:24
642	user39	vodafone GR	202	05	3343057	6014	37.948011	23.714488	2015-04-18 12:05:33
644	user45	GR COSMOTE	202	01	22025	4039	No Latitude	No longitude	2015-04-18 12:31:35
645	user39	vodafone GR	202	05	3369687	6014	No Latitude	No longitude	2015-04-18 13:30:13
646	user39	GR COSMOTE	202	05	711	37	37.968337	23.730869	2015-04-18 13:57:56
647	user39	VODAFONE GR	202	05	35033	22	No latitude yet	No longitude yet	2015-04-18 13:59:37
648	user1	GR COSMOTE	202	01	34957009	3045	No Latitude	No longitude	2015-04-18 16:27:39
649	user19	GR COSMOTE	202	01	34218543	3003	No Latitude	No longitude	2015-04-18 18:07:26
650	user19	GR COSMOTE	202	01	34218543	3037	No Latitude	No longitude	2015-04-18 18:28:31
651	user19	GR COSMOTE	202	01	34407108	65534	No Latitude	No longitude	2015-04-18 22:07:42
652	user70	GR COSMOTE	202	01	34435172	3037	No Latitude	No longitude	2015-04-19 10:22:10
653	user56	vodafone GR	202	05	5662	82	No Latitude	No longitude	2015-04-19 12:26:58
654	user56	vodafone GR	202	05	5372	27	No Latitude	No longitude	2015-04-19 12:27:38
655	user56	vodafone GR	202	05	486	27	No Latitude	No longitude	2015-04-19 12:31:18
656	user56	vodafone GR	202	05	5376	27	No Latitude	No longitude	2015-04-19 12:32:38
657	user56	vodafone GR	202	05	18256	27	No Latitude	No longitude	2015-04-19 12:34:11
658	user56	vodafone GR	202	05	482	27	No Latitude	No longitude	2015-04-19 12:40:51
659	user13	GR COSMOTE	202	01	34472578	3050	38.027075	23.731823	2015-04-19 16:41:34
660	user13	GR COSMOTE	202	01	34476813	3050	38.022162	23.730054	2015-04-19 16:42:21
661	user18	CU-X	202	05	18516	80	No Latitude	No longitude	2015-04-20 00:19:53
662	user18	CU-X	202	05	18526	80	38.01236	23.690609	2015-04-20 00:20:54
663	user18	CU-X	202	05	5743	80	38.010617	23.71077	2015-04-20 00:24:00
664	user16	GR COSMOTE	202	01	33799845	131	No Latitude	No longitude	2015-04-20 00:38:48
665	user16	GR COSMOTE	202	01	45068	131	No Latitude	No longitude	2015-04-20 00:42:00
666	user18	CU-X	202	05	4343898	6018	38.014016	23.68816	2015-04-20 00:50:30
667	user71	GR COSMOTE	202	01	154883	4003	No Latitude	No longitude	2015-04-20 12:00:25
668	user71	GR COSMOTE	202	01	34434262	3037	37.975063	23.775105	2015-04-20 12:00:45
669	user71	GR COSMOTE	202	01	149505	4037	37.975295	23.775213	2015-04-20 12:38:14
670	user71	GR COSMOTE	202	01	234243	4003	No Latitude	No longitude	2015-04-20 13:08:53
671	user64	WIND GR 	202	10	13831449	11300	No Latitude	No longitude	2015-04-20 13:12:07
672	user71	GR COSMOTE	202	01	149507	4037	No Latitude	No longitude	2015-04-20 15:35:03
673	user71	GR COSMOTE	202	01	34407175	3037	No Latitude	No longitude	2015-04-20 15:41:06
674	user71	GR COSMOTE	202	01	34410636	3037	37.977506	23.751402	2015-04-20 15:49:59
675	user71	GR COSMOTE	202	01	34415185	3041	No Latitude	No longitude	2015-04-20 15:50:41
676	user71	GR COSMOTE	202	01	34414381	3041	No Latitude	No longitude	2015-04-20 15:52:23
677	user71	GR COSMOTE	202	01	37378	4041	No Latitude	No longitude	2015-04-20 16:01:43
678	user71	GR COSMOTE	202	01	20993	4039	No Latitude	No longitude	2015-04-20 16:02:24
679	user71	GR COSMOTE	202	01	20994	4039	No Latitude	No longitude	2015-04-20 16:02:39
680	user71	GR COSMOTE	202	01	34806190	3039	No Latitude	No longitude	2015-04-20 16:05:43
681	user71	GR COSMOTE	202	01	128515	4039	No Latitude	No longitude	2015-04-20 16:14:21
682	user71	GR COSMOTE	202	01	128514	4039	No Latitude	No longitude	2015-04-20 16:16:47
683	user71	GR COSMOTE	202	01	34804638	3039	37.943826	23.659997	2015-04-20 16:59:36
684	user71	GR COSMOTE	202	01	46593	4039	No Latitude	No longitude	2015-04-20 17:25:37
685	user71	GR COSMOTE	202	01	8706	4039	No Latitude	No longitude	2015-04-20 17:26:14
686	user71	GR COSMOTE	202	01	34826668	3039	No Latitude	No longitude	2015-04-20 17:26:59
687	user71	GR COSMOTE	202	01	34414382	3041	No Latitude	No longitude	2015-04-20 17:39:56
688	user71	GR COSMOTE	202	01	34407189	3041	No Latitude	No longitude	2015-04-20 17:49:40
689	user71	GR COSMOTE	202	01	19971	4037	No Latitude	No longitude	2015-04-20 17:51:57
690	user71	GR COSMOTE	202	01	19969	4037	No Latitude	No longitude	2015-04-20 17:59:50
691	user45	GR COSMOTE	202	01	617986	4044	No Latitude	No longitude	2015-04-21 02:09:51
692	user45	GR COSMOTE	202	01	702721	4044	No Latitude	No longitude	2015-04-21 02:10:39
693	user45	GR COSMOTE	202	01	89346	4002	37.912093	23.721257	2015-04-21 02:13:32
694	user19	GR COSMOTE	202	01	34413513	3037	No latitude yet	No longitude yet	2015-04-21 09:11:06
695	user19	GR COSMOTE	202	01	7119	38	37.973158	23.759719	2015-04-21 09:22:07
696	user19	GR COSMOTE	202	01	7113	38	No latitude yet	No latitude yet	2015-04-21 10:17:18
697	user56	vodafone GR	202	05	3353951	6014	No Latitude	No longitude	2015-04-21 11:18:30
698	user54	yallo	228	02	21512	5000	46.197081	6.030927	2015-04-21 11:59:43
699	user56	vodafone GR	202	05	3353947	6014	37.966268	37.966268	2015-04-21 12:03:37
700	user56	vodafone GR	202	05	3360353	6014	No Latitude	No longitude	2015-04-21 12:12:28
701	user56	vodafone GR	202	05	3353949	6014	No Latitude	No longitude	2015-04-21 12:17:46
702	user56	vodafone GR	202	05	3353953	6014	No Latitude	No longitude	2015-04-21 12:18:21
703	user54	Sunrise	228	02	19961	5000	46.228327	6.067129	2015-04-21 13:10:19
704	user54	Sunrise	228	02	21503	5000	46.227391	6.050176	2015-04-21 13:10:30
705	user54	Sunrise	228	02	21511	5000	46.179941	5.988795	2015-04-21 13:10:36
706	user54	yallo	228	02	25963	5000	46.094548	5.817049	2015-04-21 13:17:21
707	user54	Sunrise	228	02	10233	5000	46.256794	6.060509	2015-04-21 13:17:42
708	user54	Sunrise	228	02	21502	5000	46.133311	5.943136	2015-04-21 13:28:02
709	user19	GR COSMOTE	202	01	1282	3045	No Latitude	No longitude	2015-04-21 14:33:23
710	user45	GR COSMOTE	202	01	34954833	3044	No Latitude	No longitude	2015-04-21 14:49:49
711	user45	GR COSMOTE	202	01	24142	2044	No Latitude	No longitude	2015-04-21 14:51:52
712	user56	vodafone GR	202	05	64926	25	No Latitude	No longitude	2015-04-21 15:09:32
713	user56	vodafone GR	202	05	25055	100	37.969629	23.755328	2015-04-21 15:10:54
714	user56	vodafone GR	202	05	25051	100	37.587235	23.455331	2015-04-21 15:11:22
715	user56	vodafone GR	202	05	11611	74	No Latitude	No longitude	2015-04-21 15:13:40
716	user56	vodafone GR	202	05	11613	74	No Latitude	No longitude	2015-04-21 15:14:31
717	user39	VODAFONEGR	202	05	3353947	6014	37.966268	23.766629	2015-04-21 15:17:55
718	user56	vodafone GR	202	05	10082	25	No Latitude	No longitude	2015-04-21 15:19:19
719	user39	VODAFONEGR	202	05	3387848	6014	No Latitude	No longitude	2015-04-21 15:20:50
720	user56	vodafone GR	202	05	51255	25	No Latitude	No longitude	2015-04-21 15:21:48
721	user39	VODAFONEGR	202	05	2751948	6022	37.968982	23.755973	2015-04-21 15:25:10
722	user19	GR COSMOTE	202	01	1283	2045	No Latitude	No longitude	2015-04-21 15:29:02
723	user56	vodafone GR	202	05	2712031	6014	No Latitude	No longitude	2015-04-21 15:34:43
724	user56	vodafone GR	202	05	3353953	6022	No Latitude	No longitude	2015-04-21 15:35:37
725	user56	vodafone GR	202	05	3360353	6022	No Latitude	No longitude	2015-04-21 15:40:18
726	user39	VODAFONEGR	202	05	25055	100	37.969629	23.755328	2015-04-21 15:44:07
727	user39	VODAFONE GR	202	05	5101	22	No Latitude	No longitude	2015-04-21 15:47:16
728	user39	VODAFONE GR	202	05	2032607	6010	No Latitude	No longitude	2015-04-21 16:05:47
729	user56	vodafone GR	202	05	2751952	6022	No Latitude	No longitude	2015-04-21 17:03:16
730	user56	vodafone GR	202	05	2751951	6022	No Latitude	No longitude	2015-04-21 17:09:45
731	user56	vodafone GR	202	05	2751953	6022	37.975052	23.749021	2015-04-21 17:10:41
732	user56	vodafone GR	202	05	2692076	6022	No Latitude	No longitude	2015-04-21 17:14:19
733	user56	vodafone GR	202	05	2692230	6022	No Latitude	No longitude	2015-04-21 17:14:36
734	user56	vodafone GR	202	05	5101	22	No Latitude	No longitude	2015-04-21 17:15:02
735	user44	COSMOTE - Mobile Telecommunications S.A.	202	01	34413513	3037	37.96671	23.764959	2015-04-21 18:27:43
736	user44	COSMOTE - Mobile Telecommunications S.A.	202	01	34413519	3037	No Latitude	No longitude	2015-04-21 18:28:27
737	user45	GR COSMOTE	202	01	34954830	3044	No Latitude	No longitude	2015-04-21 18:49:16
738	user39	VODAFONE GR	202	05	2083888	6010	No Latitude	No longitude	2015-04-21 19:24:22
739	user45	GR COSMOTE	202	01	34952082	3045	No Latitude	No longitude	2015-04-21 19:38:28
740	user45	GR COSMOTE	202	01	27451	2044	No Latitude	No longitude	2015-04-21 19:38:46
741	user45	GR COSMOTE	202	01	-1	3044	No Latitude	No longitude	2015-04-21 19:47:36
742	user53	vodafone GR	202	05	3354868	6014	No Latitude	No longitude	2015-04-21 20:14:42
743	user71	GR COSMOTE	202	01	92162	4003	No Latitude	No longitude	2015-04-21 22:22:53
744	user71	GR COSMOTE	202	01	710914	4037	No Latitude	No longitude	2015-04-21 22:23:33
745	user71	GR COSMOTE	202	01	34409959	3037	37.972403	23.772252	2015-04-21 22:32:48
746	user71	GR COSMOTE	202	01	34236980	3003	No Latitude	No longitude	2015-04-21 22:38:49
747	user71	GR COSMOTE	202	01	34409953	3037	37.972039	23.771843	2015-04-21 22:40:10
749	user71	GR COSMOTE	202	01	34434265	3037	37.975126	23.775129	2015-04-22 12:18:05
750	user71	GR COSMOTE	202	01	34215845	3003	37.9756	23.780228	2015-04-22 12:25:12
751	user71	GR COSMOTE	202	01	6058	32	No Latitude	No longitude	2015-04-22 12:25:33
752	user45	GR COSMOTE	202	01	34958142	3044	No Latitude	No longitude	2015-04-22 14:34:47
753	user45	GR COSMOTE	202	01	22786	4002	No Latitude	No longitude	2015-04-22 14:59:41
754	user67	VODAFONEGR	202	05	3347768	6014	No Latitude	No longitude	2015-04-22 17:44:17
755	user29	VODAFONE GR	202	05	52083	74	No Latitude	No longitude	2015-04-22 17:50:26
756	user29	VODAFONE GR	202	05	52082	74	No Latitude	No longitude	2015-04-22 17:51:47
757	user45	GR COSMOTE	202	01	34954836	3044	No Latitude	No longitude	2015-04-22 17:52:31
758	user67	VODAFONEGR	202	05	3354869	6014	No Latitude	No longitude	2015-04-22 17:55:47
759	user45	GR COSMOTE	202	01	24148	2044	No Latitude	No longitude	2015-04-22 17:56:13
761	user29	VODAFONE GR	202	05	3357449	6014	37.925385	23.75945	2015-04-22 19:33:08
762	user29	VODAFONE GR	202	05	3343207	6014	No Latitude	No longitude	2015-04-22 19:41:33
763	user29	VODAFONE GR	202	05	3394419	6014	No Latitude	No longitude	2015-04-22 19:52:52
764	user72	COSMOTE	202	01	34500887	3050	38.021206	23.729694	2015-04-23 00:03:19
765	user72	COSMOTE	202	01	34481318	3050	No Latitude	No longitude	2015-04-23 00:03:59
766	user72	COSMOTE	202	01	34481317	3050	38.02019	23.732025	2015-04-23 05:16:15
767	user45	GR COSMOTE	202	01	34931583	3044	No Latitude	No longitude	2015-04-23 14:58:41
768	user45	GR COSMOTE	202	01	3492	2044	No Latitude	No longitude	2015-04-23 14:59:28
769	user45	GR COSMOTE	202	01	892	2044	No Latitude	No longitude	2015-04-23 15:06:21
770	user29	VODAFONE GR	202	05	3370092	6014	No Latitude	No longitude	2015-04-23 15:18:04
771	user29	VODAFONE GR	202	05	5242	74	No Latitude	No longitude	2015-04-23 15:19:26
772	user29	VODAFONE GR	202	05	3357453	6014	No Latitude	No longitude	2015-04-23 15:19:45
773	user29	VODAFONE GR	202	05	3394423	6014	No Latitude	No longitude	2015-04-23 15:19:50
774	user29	VODAFONE GR	202	05	3357455	6014	No Latitude	No longitude	2015-04-23 15:20:35
775	user29	VODAFONE GR	202	05	3347582	6014	No Latitude	No longitude	2015-04-23 15:20:55
776	user29	VODAFONE GR	202	05	3370163	6014	No Latitude	No longitude	2015-04-23 15:21:42
777	user29	VODAFONE GR	202	05	3370159	6014	No Latitude	No longitude	2015-04-23 15:23:10
778	user29	VODAFONE GR	202	05	3370091	6014	No Latitude	No longitude	2015-04-23 15:23:53
779	user29	VODAFONE GR	202	05	3394143	6014	No Latitude	No longitude	2015-04-23 15:24:45
780	user29	VODAFONE GR	202	05	3394139	6014	No Latitude	No longitude	2015-04-23 15:24:54
781	user29	VODAFONE GR	202	05	3361068	6014	No Latitude	No longitude	2015-04-23 15:25:24
782	user29	VODAFONE GR	202	05	3407608	6014	37.948436	23.734648	2015-04-23 15:26:19
783	user29	VODAFONE GR	202	05	3407612	6014	No Latitude	No longitude	2015-04-23 15:26:37
784	user32	GR COSMOTE	202	01	34413516	3037	No Latitude	No longitude	2015-04-23 15:28:27
785	user32	GR COSMOTE	202	01	34413513	3037	37.96671	23.764959	2015-04-23 15:29:33
786	user29	VODAFONE GR	202	05	3407609	6014	No Latitude	No longitude	2015-04-23 15:48:12
787	user29	VODAFONE GR	202	05	3407613	6014	No Latitude	No longitude	2015-04-23 15:49:35
788	user45	GR COSMOTE	202	01	29001	2044	No Latitude	No longitude	2015-04-23 15:54:48
789	user45	GR COSMOTE	202	01	34958139	3044	No Latitude	No longitude	2015-04-23 15:55:40
790	user29	VODAFONE GR	202	05	3392473	6014	No Latitude	No longitude	2015-04-23 16:02:26
791	user29	VODAFONE GR	202	05	3392469	6014	No Latitude	No longitude	2015-04-23 16:02:41
792	user29	VODAFONE GR	202	05	27133	74	No Latitude	No longitude	2015-04-23 16:07:09
793	user29	VODAFONE GR	202	05	3392469	74	No Latitude	No longitude	2015-04-23 16:07:20
794	user29	VODAFONE GR	202	05	50133	74	No Latitude	No longitude	2015-04-23 16:13:37
796	user45	GR COSMOTE	202	01	547585	4045	No Latitude	No longitude	2015-04-23 19:44:38
797	user69	WIND GR 	202	10	12650	10820	No Latitude	No longitude	2015-04-24 12:59:25
798	user69	WIND GR 	202	10	2650	10820	No Latitude	No longitude	2015-04-24 13:00:30
799	user69	WIND GR 	202	10	20390	14200	No Latitude	No longitude	2015-04-24 13:02:45
800	user69	WIND GR 	202	10	22680	14200	No Latitude	No longitude	2015-04-24 13:05:27
801	user69	WIND GR 	202	10	12410	14200	No Latitude	No longitude	2015-04-24 13:05:48
802	user65	GR COSMOTE	202	01	34433471	3037	37.966672	23.764936	2015-04-24 13:32:13
803	user65	GR COSMOTE	202	01	34433473	3037	No Latitude	No longitude	2015-04-24 13:48:59
804	user45	GR COSMOTE	202	01	34801148	3039	37.959717	23.706515	2015-04-24 14:52:25
805	user65	GR COSMOTE	202	01	34407102	3037	37.992517	23.768419	2015-04-24 15:53:35
806	user65	GR COSMOTE	202	01	34407103	3037	37.996752	23.762703	2015-04-24 15:54:00
807	user43	GR COSMOTE	202	01	34480847	3050	No Latitude	No longitude	2015-04-24 16:19:36
808	user50	GR COSMOTE	202	01	34413513	3037	37.96671	23.764959	2015-04-24 16:37:24
809	user56	vodafone GR	202	05	27826	74	No Latitude	No Latitude	2015-04-24 16:56:46
810	user56	vodafone GR	202	05	7281	22	No latitude yet	No longitude yet	2015-04-24 16:56:46
811	user19	GR COSMOTE	202	01	7117	38	No Latitude	No longitude	2015-04-24 17:07:38
812	user19	GR COSMOTE	202	01	34413516	3037	No Latitude	No longitude	2015-04-24 17:38:31
813	user57	GR COSMOTE	202	01	34413513	3037	37.96671	23.764959	2015-04-24 17:41:05
814	user45	GR COSMOTE	202	01	182019	4037	No latitude yet	No longitude yet	2015-04-24 17:50:11
815	user35	COSMOTE	202	01	34413513	3037	37.96671	37.96671	2015-04-24 18:26:42
816	user35	COSMOTE	202	01	34463311	3037	No Latitude	No longitude	2015-04-24 18:39:14
817	user26	GR COSMOTE	202	01	34413513	3037	37.96671	23.764959	2015-04-24 18:40:05
818	user35	COSMOTE	202	01	34412608	3037	No Latitude	No longitude	2015-04-24 18:40:37
819	user35	COSMOTE	202	01	34409618	3037	No Latitude	No longitude	2015-04-24 18:41:10
820	user26	GR COSMOTE	202	01	34413519	3037	No Latitude	No longitude	2015-04-24 18:42:19
821	user35	COSMOTE	202	01	34407177	3037	No Latitude	No longitude	2015-04-24 18:42:36
822	user35	COSMOTE	202	01	34434178	3037	No Latitude	No longitude	2015-04-24 18:44:13
823	user35	COSMOTE	202	01	28733	2007	No Latitude	No longitude	2015-04-24 19:09:00
824	user35	COSMOTE	202	01	34282876	3009	No Latitude	No longitude	2015-04-24 19:09:23
825	user35	COSMOTE	202	01	34282877	3009	No Latitude	No longitude	2015-04-24 19:10:02
826	user35	COSMOTE	202	01	34284624	3009	No Latitude	No longitude	2015-04-24 19:14:54
827	user35	COSMOTE	202	01	34284626	3009	No Latitude	No longitude	2015-04-24 19:15:13
828	user35	COSMOTE	202	01	34284625	3009	No Latitude	No longitude	2015-04-24 19:15:56
829	user35	COSMOTE	202	01	34278059	3009	No Latitude	No longitude	2015-04-24 19:18:18
830	user35	COSMOTE	202	01	34278065	3009	No Latitude	No longitude	2015-04-24 19:18:36
831	user50	GR COSMOTE	202	01	34413516	3037	No Latitude	No Latitude	2015-04-24 19:18:40
832	user35	COSMOTE	202	01	34280397	3009	No Latitude	No longitude	2015-04-24 19:19:36
833	user35	COSMOTE	202	01	34275805	3009	No Latitude	No longitude	2015-04-24 19:19:56
834	user45	GR COSMOTE	202	01	22535	4039	No Latitude	No longitude	2015-04-24 20:12:05
836	user1	GR COSMOTE	202	01	34957780	3044	No Latitude	No longitude	2015-04-24 22:12:35
837	user72	COSMOTE	202	01	34413513	3037	No latitude yet	No latitude yet	2015-04-25 16:50:45
838	user72	COSMOTE	202	01	34476808	3050	No Latitude	No longitude	2015-04-25 16:50:46
839	user35	COSMOTE	202	01	34278061	3009	No Latitude	No longitude	2015-04-25 18:45:48
840	user35	COSMOTE	202	01	34278067	3009	No Latitude	No longitude	2015-04-25 18:47:00
841	user35	COSMOTE	202	01	34275797	3009	No Latitude	No longitude	2015-04-25 18:49:59
842	user35	COSMOTE	202	01	34275791	3009	38.082057	23.698186	2015-04-25 18:51:41
843	user35	COSMOTE	202	01	34275800	3009	No Latitude	No longitude	2015-04-25 18:52:03
844	user35	COSMOTE	202	01	34278060	3009	38.081649	23.742145	2015-04-25 18:54:15
845	user35	COSMOTE	202	01	34278066	3009	No Latitude	No longitude	2015-04-25 18:54:54
846	user35	COSMOTE	202	01	34278063	3009	No Latitude	No longitude	2015-04-25 18:55:14
847	user48	GR COSMOTE	202	01	34474517	3050	38.032753	23.744753	2015-04-25 23:30:00
848	user45	GR COSMOTE	202	01	-1	3045	No Latitude	No longitude	2015-04-26 03:10:03
849	user45	GR COSMOTE	202	01	21391	2045	No Latitude	No longitude	2015-04-26 03:10:10
850	user35	COSMOTE	202	01	34301303	3009	No Latitude	No longitude	2015-04-26 15:37:46
851	user35	COSMOTE	202	01	34278997	3009	38.053051	23.747213	2015-04-26 15:38:02
852	user35	COSMOTE	202	01	34474513	3050	No Latitude	No longitude	2015-04-26 15:38:48
853	user35	COSMOTE	202	01	34529244	3050	No Latitude	No longitude	2015-04-26 15:45:57
854	user35	COSMOTE	202	01	34476233	3050	No Latitude	No longitude	2015-04-26 15:46:51
855	user35	COSMOTE	202	01	34472623	3050	No Latitude	No longitude	2015-04-26 15:50:59
856	user62	VODAFONE GR	202	05	96515	4010	No Latitude	No longitude	2015-04-26 15:53:29
857	user39	vodafone GR	202	05	3348283	6014	37.96505	23.728225	2015-04-26 15:54:01
858	user35	COSMOTE	202	01	34472618	3050	No Latitude	No longitude	2015-04-26 16:03:41
859	user35	COSMOTE	202	01	34472617	3050	No Latitude	No longitude	2015-04-26 16:04:16
860	user35	COSMOTE	202	01	34472621	3050	No Latitude	No Latitude	2015-04-26 16:05:23
861	user35	COSMOTE	202	01	34474238	3050	No Latitude	No longitude	2015-04-26 16:08:20
862	user62	VODAFONE GR	202	05	2044049	6010	No Latitude	No longitude	2015-04-26 17:37:55
863	user62	VODAFONE GR	202	05	84995	4010	No Latitude	No longitude	2015-04-26 18:22:10
864	user62	VODAFONE GR	202	05	2050198	6010	38.001668	23.672005	2015-04-26 18:23:26
865	user62	VODAFONE GR	202	05	2050199	6010	37.999833	23.664421	2015-04-26 18:23:57
866	user62	VODAFONE GR	202	05	2050203	6010	No Latitude	No longitude	2015-04-26 18:24:45
867	user62	VODAFONE GR	202	05	2050202	6010	No Latitude	No longitude	2015-04-26 18:25:56
868	user35	COSMOTE	202	01	34474241	3050	No Latitude	No Latitude	2015-04-26 19:14:19
869	user19	GR COSMOTE	202	01	34939885	2045	No Latitude	No longitude	2015-04-26 19:32:28
870	user19	GR COSMOTE	202	01	34958039	2045	No Latitude	No longitude	2015-04-27 01:59:54
871	user19	GR COSMOTE	202	01	2932	3045	No Latitude	No longitude	2015-04-27 06:45:14
872	user62	VODAFONE GR	202	05	8450	4016	No Latitude	No longitude	2015-04-27 07:25:00
873	user62	VODAFONE GR	202	05	8451	4016	No Latitude	No longitude	2015-04-27 07:25:13
874	user62	VODAFONE GR	202	05	4867	4016	38.028312	23.789922	2015-04-27 07:38:06
875	user62	VODAFONE GR	202	05	3438162	6016	No Latitude	No longitude	2015-04-27 09:38:44
876	user62	VODAFONE GR	202	05	7427	4016	No Latitude	No longitude	2015-04-27 09:54:39
877	user62	VODAFONE GR	202	05	6659	4016	38.033072	23.789322	2015-04-27 09:56:28
878	user62	VODAFONE GR	202	05	47373	27	No Latitude	No longitude	2015-04-27 10:19:37
879	user62	VODAFONEGR	202	05	25945	31	No Latitude	No longitude	2015-04-27 10:20:13
880	user62	VODAFONEGR	202	05	4375638	6018	38.03868	23.758337	2015-04-27 10:21:02
881	user62	VODAFONEGR	202	05	4375636	6018	No Latitude	No longitude	2015-04-27 10:22:19
882	user62	VODAFONEGR	202	05	4330891	6018	No Latitude	No longitude	2015-04-27 10:25:38
883	user62	VODAFONEGR	202	05	5511	31	38.045701	23.760382	2015-04-27 10:27:56
884	user62	VODAFONEGR	202	05	3423308	6026	No Latitude	No longitude	2015-04-27 10:29:37
885	user62	VODAFONEGR	202	05	3415569	6026	No Latitude	No longitude	2015-04-27 10:30:45
886	user62	VODAFONEGR	202	05	3415567	6026	No Latitude	No longitude	2015-04-27 10:31:13
887	user62	VODAFONEGR	202	05	3413499	6026	No Latitude	No longitude	2015-04-27 10:32:33
888	user62	VODAFONEGR	202	05	3455308	6026	38.040216	23.816231	2015-04-27 10:33:49
889	user62	VODAFONEGR	202	05	201	27	38.045857	23.797551	2015-04-27 10:40:11
890	user62	VODAFONEGR	202	05	18259	27	No Latitude	No longitude	2015-04-27 10:40:23
891	user62	VODAFONEGR	202	05	3413438	6016	No Latitude	No longitude	2015-04-27 10:42:43
892	user62	VODAFONEGR	202	05	3426087	6016	No Latitude	No longitude	2015-04-27 10:43:05
893	user62	VODAFONEGR	202	05	121602	4026	No Latitude	No longitude	2015-04-27 10:43:53
894	user62	VODAFONEGR	202	05	121603	4026	No Latitude	No longitude	2015-04-27 10:44:08
895	user62	VODAFONEGR	202	05	18425	27	No Latitude	No longitude	2015-04-27 10:44:49
896	user62	VODAFONEGR	202	05	134915	4026	No Latitude	No longitude	2015-04-27 10:45:28
897	user62	VODAFONEGR	202	05	109826	4026	No Latitude	No longitude	2015-04-27 10:50:47
898	user62	VODAFONEGR	202	05	124163	4026	No Latitude	No longitude	2015-04-27 10:51:06
899	user62	VODAFONEGR	202	05	50041	27	No Latitude	No longitude	2015-04-27 11:02:29
900	user62	VODAFONEGR	202	05	52133	27	No Latitude	No longitude	2015-04-27 11:09:29
901	user62	VODAFONEGR	202	05	107778	4026	No Latitude	No longitude	2015-04-27 11:13:02
902	user62	VODAFONEGR	202	05	109827	4026	No Latitude	No Latitude	2015-04-27 11:45:44
903	user45	GR COSMOTE	202	01	4567	2039	37.958169	23.705346	2015-04-27 11:49:25
907	user35	COSMOTE	202	01	34284622	3009	No Latitude	No longitude	2015-04-27 17:47:42
908	user35	COSMOTE	202	01	34283387	3009	No Latitude	No longitude	2015-04-27 17:48:00
909	user35	COSMOTE	202	01	34282870	3009	38.076408	23.742794	2015-04-27 17:52:19
910	user35	COSMOTE	202	01	34302111	3009	38.11296	23.801108	2015-04-27 17:52:35
911	user35	COSMOTE	202	01	34284307	3009	No Latitude	No longitude	2015-04-27 17:52:48
912	user35	COSMOTE	202	01	34275785	3009	No Latitude	No longitude	2015-04-27 17:53:30
913	user35	COSMOTE	202	01	34280515	3009	No Latitude	No longitude	2015-04-27 17:54:07
914	user35	COSMOTE	202	01	34279057	3009	No Latitude	No longitude	2015-04-27 17:55:35
915	user35	COSMOTE	202	01	34277857	3009	No Latitude	No longitude	2015-04-27 17:56:31
916	user35	COSMOTE	202	01	34301300	3009	No Latitude	No longitude	2015-04-27 17:56:51
917	user35	COSMOTE	202	01	34278997	3050	No Latitude	No longitude	2015-04-27 17:58:43
918	user62	VODAFONEGR	202	05	84993	4010	No Latitude	No longitude	2015-04-27 22:15:18
919	user35	COSMOTE	202	01	34282280	3009	38.033014	23.754055	2015-04-27 22:24:55
920	user35	COSMOTE	202	01	34282283	3009	38.030098	23.755798	2015-04-27 22:25:46
921	user35	COSMOTE	202	01	34304342	3009	No Latitude	No longitude	2015-04-27 22:26:05
922	user35	COSMOTE	202	01	34275933	3009	No Latitude	No longitude	2015-04-27 22:27:05
923	user35	COSMOTE	202	01	34278994	3009	38.052992	23.747395	2015-04-27 22:30:14
924	user35	COSMOTE	202	01	34277853	3009	No Latitude	No longitude	2015-04-27 22:31:01
925	user35	COSMOTE	202	01	34277854	3009	No Latitude	No longitude	2015-04-27 22:31:39
926	user35	COSMOTE	202	01	34325672	3009	No Latitude	No longitude	2015-04-27 22:32:20
927	user35	COSMOTE	202	01	34277852	3009	No Latitude	No longitude	2015-04-27 22:32:40
928	user35	COSMOTE	202	01	34284273	3009	No Latitude	No longitude	2015-04-27 22:34:01
929	user35	COSMOTE	202	01	34304064	3009	No Latitude	No longitude	2015-04-27 22:34:43
930	user35	COSMOTE	202	01	34282873	3009	38.076405	23.74279	2015-04-27 22:35:02
931	user62	VODAFONEGR	202	05	2057059	6010	37.992336	23.678261	2015-04-27 22:38:31
932	user62	VODAFONEGR	202	05	2057063	6010	No Latitude	No longitude	2015-04-27 22:41:15
933	user35	COSMOTE	202	01	34275806	3009	No Latitude	No longitude	2015-04-27 22:44:57
934	user62	VODAFONEGR	202	05	84994	4010	No Latitude	No longitude	2015-04-28 00:00:41
935	user62	VODAFONEGR	202	05	147201	4026	No Latitude	No longitude	2015-04-28 11:40:53
936	user62	VODAFONEGR	202	05	3457913	6026	No Latitude	No longitude	2015-04-28 11:42:14
937	user62	VODAFONEGR	202	05	3457919	6026	No Latitude	No Latitude	2015-04-28 12:42:56
938	user62	VODAFONEGR	202	05	3427963	6026	38.083975	23.78575	2015-04-28 14:30:45
939	user62	VODAFONEGR	202	05	3427967	6026	38.078512	23.780578	2015-04-28 14:31:14
940	user62	VODAFONEGR	202	05	147203	4026	No Latitude	No longitude	2015-04-28 16:29:21
941	user56	vodafone GR	202	05	201	27	38.045857	23.797551	2015-04-28 18:12:50
942	user62	VODAFONE GR	202	05	86017	4010	No Latitude	No longitude	2015-04-29 07:45:25
944	user62	VODAFONE GR	202	05	119809	4026	No Latitude	No longitude	2015-04-30 16:36:58
945	user62	VODAFONE GR	202	05	134913	4026	No Latitude	No longitude	2015-04-30 16:42:04
946	user62	VODAFONE GR	202	05	134145	4026	No Latitude	No longitude	2015-04-30 16:44:14
947	user62	VODAFONE GR	202	05	134147	4026	No Latitude	No longitude	2015-04-30 16:44:34
948	user62	VODAFONE GR	202	05	149249	4010	No Latitude	No longitude	2015-05-01 01:13:02
949	user62	VODAFONE GR	202	05	155905	4010	No Latitude	No longitude	2015-05-01 01:18:25
950	user75	VODAFONE GR	202	05	3841	4022	No Latitude	No longitude	2015-05-01 08:28:25
951	user56	vodafone GR	202	05	4376031	6018	No Latitude	No longitude	2015-05-01 08:47:20
952	user56	vodafone GR	202	05	25352	80	37.997389	23.632247	2015-05-01 08:48:28
953	user56	vodafone GR	202	05	4376027	6018	No Latitude	No longitude	2015-05-01 08:53:20
954	user62	VODAFONE GR	202	05	91	82	No latitude yet	No longitude yet	2015-05-01 16:12:31
955	user62	VODAFONE GR	202	05	54862	82	No Latitude	No longitude	2015-05-01 16:13:15
956	user62	VODAFONE GR	202	05	4253	82	38.042231	23.895826	2015-05-01 16:13:28
957	user62	VODAFONE GR	202	05	4252	82	37.954052	24.00627	2015-05-01 16:13:50
958	user62	VODAFONE GR	202	05	302	82	No Latitude	No longitude	2015-05-01 16:14:14
959	user62	VODAFONE GR	202	05	8262	82	No Latitude	No longitude	2015-05-01 16:15:03
960	user62	VODAFONE GR	202	05	60793	82	37.97166	23.987889	2015-05-01 16:15:56
961	user62	VODAFONE GR	202	05	17782	82	No Latitude	No longitude	2015-05-01 16:18:57
963	user62	VODAFONE GR	202	10	10471	10100	37.934247	23.943359	2015-05-01 19:28:29
964	user62	VODAFONE GR	202	05	29611	82	No Latitude	No longitude	2015-05-01 19:28:54
965	user62	VODAFONE GR	202	05	95	82	38.022033	23.815558	2015-05-01 19:33:48
966	user1	GR COSMOTE	202	01	34799958	3039	No Latitude	No longitude	2015-05-01 22:24:02
967	user1	GR COSMOTE	202	01	34826744	3039	No Latitude	No longitude	2015-05-01 22:24:23
968	user1	GR COSMOTE	202	01	34826738	3039	No Latitude	No longitude	2015-05-01 22:24:43
969	user1	GR COSMOTE	202	01	34826744	2039	No Latitude	No longitude	2015-05-01 22:25:02
970	user39	vodafone GR	202	05	2712479	6022	37.979022	23.711609	2015-05-02 01:39:20
971	user39	vodafone GR	202	05	2712483	6022	37.978037	23.708891	2015-05-02 01:41:04
972	user39	vodafone GR	202	05	2712481	6022	No Latitude	No longitude	2015-05-02 02:11:09
973	user39	vodafone GR	202	05	3343062	6014	No Latitude	No longitude	2015-05-02 02:35:43
974	user39	vodafone GR	202	05	3349991	6014	37.934841	23.716725	2015-05-02 02:37:09
975	user39	vodafone GR	202	05	3349987	6014	No Latitude	No longitude	2015-05-02 02:42:39
976	user39	vodafone GR	202	05	7651	74	No Latitude	No longitude	2015-05-02 02:56:37
977	user62	VODAFONE GR	202	05	2057065	6010	No Latitude	No longitude	2015-05-02 11:16:47
978	user62	VODAFONE GR	202	05	2096227	6010	No Latitude	No longitude	2015-05-02 11:18:49
979	user62	VODAFONE GR	202	05	64615	37	No Latitude	No longitude	2015-05-02 11:19:22
980	user62	VODAFONE GR	202	05	90371	4010	No Latitude	No longitude	2015-05-02 11:19:31
981	user62	VODAFONE GR	202	05	2096229	6010	No Latitude	No longitude	2015-05-02 11:40:11
982	user62	VODAFONE GR	202	05	2096233	6010	No Latitude	No longitude	2015-05-02 11:40:50
983	user62	VODAFONE GR	202	05	90369	4010	No Latitude	No longitude	2015-05-02 11:41:34
984	user62	VODAFONE GR	202	05	91139	4010	No Latitude	No longitude	2015-05-02 13:28:59
985	user54	GR COSMOTE	202	01	34407181	3037	37.976336	23.749719	2015-05-02 14:52:18
986	user54	GR COSMOTE	202	01	34463313	3037	No Latitude	No longitude	2015-05-02 14:57:17
987	user62	VODAFONE GR	202	05	5783	80	38.019592	38.019592	2015-05-02 15:10:24
988	user62	VODAFONE GR	202	05	5743	80	38.010617	23.71077	2015-05-02 15:18:36
989	user62	VODAFONEGR	202	05	106242	4010	No Latitude	No longitude	2015-05-03 13:58:08
990	user62	VODAFONEGR	202	05	90113	4010	No Latitude	No longitude	2015-05-03 13:59:20
991	user62	VODAFONEGR	202	05	4344019	6018	No Latitude	No longitude	2015-05-03 14:01:54
992	user62	VODAFONEGR	202	05	4344022	6018	No Latitude	No longitude	2015-05-03 14:03:05
993	user62	VODAFONEGR	202	05	4344018	6018	No Latitude	No longitude	2015-05-03 14:05:20
994	user62	VODAFONEGR	202	05	4344023	6018	No Latitude	No longitude	2015-05-03 14:09:14
995	user62	VODAFONEGR	202	05	4376162	6018	No Latitude	No longitude	2015-05-03 14:13:26
996	user62	VODAFONEGR	202	05	4376157	6018	No Latitude	No longitude	2015-05-03 14:15:17
997	user62	VODAFONEGR	202	05	4376161	6018	No Latitude	No longitude	2015-05-03 14:15:48
998	user62	VODAFONE GR	202	05	4378323	6018	No Latitude	No longitude	2015-05-03 14:16:37
999	user62	VODAFONE GR	202	05	4376163	6018	No Latitude	No longitude	2015-05-03 14:17:01
1000	user62	VODAFONE GR	202	05	4344021	6018	No Latitude	No longitude	2015-05-03 14:17:57
1001	user62	VODAFONE GR	202	05	4330771	6018	38.003169	23.707275	2015-05-03 14:18:51
1002	user62	VODAFONE GR	202	05	4330772	6018	38.00128	23.704201	2015-05-03 14:19:28
1003	user62	VODAFONE GR	202	05	4350772	6018	No Latitude	No longitude	2015-05-03 14:20:07
1004	user62	VODAFONE GR	202	05	4350771	6018	No Latitude	No longitude	2015-05-03 14:28:44
1005	user62	VODAFONE GR	202	05	34051	4018	No Latitude	No longitude	2015-05-03 14:40:03
1006	user65	GR COSMOTE	202	01	34473827	3050	38.021312	23.75367	2015-05-03 21:53:21
1008	user75	VODAFONE GR	202	05	3585	4022	No Latitude	No longitude	2015-05-04 17:58:18
1009	user65	GR COSMOTE	202	01	34410633	3037	37.975337	23.74767	2015-05-04 18:18:51
1010	user75	VODAFONE GR	202	05	3842	4022	No Latitude	No longitude	2015-05-04 19:11:52
1011	user75	VODAFONE GR	202	05	10241	4022	No Latitude	No longitude	2015-05-04 19:11:58
1012	user54	Sunrise	228	02	22303	5000	46.210726	6.019827	2015-05-05 01:05:00
1013	user76	vodafone GR	202	05	4332989	6018	No Latitude	No longitude	2015-05-05 01:28:03
1014	user54	Sunrise	228	02	29543	5000	46.190493	6.075663	2015-05-05 01:32:40
1015	user54	Sunrise	228	02	29027465	22300	No Latitude	No longitude	2015-05-05 04:10:30
1016	user54	Sunrise	228	02	13392	5000	46.229108	6.092257	2015-05-05 04:24:55
1019	user23	GR COSMOTE	202	01	34212584	3003	No Latitude	No longitude	2015-05-05 18:33:20
1022	user70	GR COSMOTE	202	01	34500587	3050	37.985681	23.718953	2015-05-06 18:10:28
1023	user70	GR COSMOTE	202	01	34476713	3050	No Latitude	No longitude	2015-05-06 18:12:00
1024	user70	GR COSMOTE	202	01	34476710	3050	No Latitude	No longitude	2015-05-06 18:12:07
1025	user14	GR COSMOTE	202	01	34500783	3050	No Latitude	No longitude	2015-05-06 18:57:54
1026	user70	GR COSMOTE	202	01	34407169	3041	No Latitude	No longitude	2015-05-06 20:33:30
1027	user70	GR COSMOTE	202	01	784	37	No Latitude	No longitude	2015-05-06 20:43:00
1028	user70	GR COSMOTE	202	01	34407183	3037	37.97635	23.747397	2015-05-06 20:49:00
